id,site,longitude,latitude,dateTime,airTemperature,dewPoint,meanSeaLevelPressure,relativeHumidity,windSpeed,windDirection,windGust,visibility
?20210329e5bb8brofae6zd8pyyb96sm4co,Dover,1.348,51.133,29/03/2021 01:00,7.6,7.1,1025,96.6,12.2,225,,
20210329in1dmcrogae6zd8pyyb96sm4co,Dover,1.348,51.133,29/03/2021 02:00,7.8,7.3,1025,96.6,15.6,225,,
20210329bjk539wo8he6zd8pyyb96sm4co,Dover,1.348,51.133,29/03/2021 03:00,7.8,7.3,1025,96.6,19.1,225,26.1,
20210329poc9nacoehe6zd8pyyb96sm4co,Dover,1.348,51.133,29/03/2021 04:00,7.8,7.5,1025,97.8,13,225,26.9,
202103293zq7xdwojhe6zd8pyyb96sm4co,Dover,1.348,51.133,29/03/2021 05:00,7.8,7.5,1025,97.8,13,225,,
20210329f6cccyromye6zd8pyyb96sm4co,Dover,1.348,51.133,29/03/2021 06:00,7.8,7.1,1026,95.2,14.8,225,26.1,
202103291f9u79hocye6zd8pyyb96sm4co,Dover,1.348,51.133,29/03/2021 07:00,7.9,7.1,1026,94.6,12.2,225,,
202103296pekt3wopye6zd8pyyb96sm4co,Dover,1.348,51.133,29/03/2021 08:00,8.3,6.8,1027,90.1,11.3,225,,
20210329kwjgxzcoqre6zd8pyyb96sm4co,Dover,1.348,51.133,29/03/2021 09:00,9.1,7,1027,86.5,11.3,225,,
20210329s5gujmcoxre6zd8pyyb96sm4co,Dover,1.348,51.133,29/03/2021 10:00,9.5,7.1,1028,84.8,12.2,225,,
20210329dnmkascooee6zd8pyyb96sm4co,Dover,1.348,51.133,29/03/2021 11:00,9.8,7,1028,82.4,12.2,225,,
20210329xjg1phcotee6zd8pyyb96sm4co,Dover,1.348,51.133,29/03/2021 12:00,9.8,6.9,1028,81.8,14.8,225,,
202103295oe7dpwo1ee6zd8pyyb96sm4co,Dover,1.348,51.133,29/03/2021 13:00,9.9,7.2,1029,83,12.2,225,,
20210329exuawfwouce6zd8pyyb96sm4co,Dover,1.348,51.133,29/03/2021 14:00,9.8,7.2,1029,83.6,9.6,225,,
20210329yfjzhgroioe6zd8pyyb96sm4co,Dover,1.348,51.133,29/03/2021 15:00,9.8,7.4,1029,84.8,11.3,202.5,,
20210329cpjj56rosoe6zd8pyyb96sm4co,Dover,1.348,51.133,29/03/2021 16:00,9.4,7.5,1029,87.7,9.6,225,,
20210329awac1kcozoe6zd8pyyb96sm4co,Dover,1.348,51.133,29/03/2021 17:00,8.6,7.3,1029,91.4,8.7,225,,
20210329r4sbmproawe6zd8pyyb96sm4co,Dover,1.348,51.133,29/03/2021 18:00,7.7,6.9,1029,94.6,12.2,225,,
20210329tbzzotho3we6zd8pyyb96sm4co,Dover,1.348,51.133,29/03/2021 19:00,7.2,6.5,1029,95.3,11.3,247.5,,
202103297e5zy3ho4we6zd8pyyb96sm4co,Dover,1.348,51.133,29/03/2021 20:00,7.4,6,1029,90.7,8.7,247.5,,
20210329jo3kquwo5ae6zd8pyyb96sm4co,Dover,1.348,51.133,29/03/2021 21:00,8.4,4.6,1029,76.6,9.6,247.5,,
20210329isfjr9rohae6zd8pyyb96sm4co,Dover,1.348,51.133,29/03/2021 22:00,9.3,2.9,1029,63.7,9.6,270,,
20210329b73d64ro7he6zd8pyyb96sm4co,Dover,1.348,51.133,29/03/2021 23:00,7.2,5.4,1030,88.1,7.8,247.5,,
?20210330qrkestwo6he6zd8pyyb96sm4co,Dover,1.348,51.133,30/03/2021,7.1,5.9,1030,91.9,7.8,247.5,,
202103304mqdp1co9he6zd8pyyb96sm4co,Dover,1.348,51.133,30/03/2021 01:00,10.7,4.2,1029,63.6,6.1,225,,
202103305o6rrmwo9he6zd8pyyb96sm4co,Dover,1.348,51.133,30/03/2021 02:00,11.4,3,1029,55.6,5.2,225,,
20210330g1i6a3wtbye6zd8pyyb96sm4co,Dover,1.348,51.133,30/03/2021 03:00,10.7,2.8,1029,57.4,5.2,225,,
2021033013thm8ctnye6zd8pyyb96sm4co,Dover,1.348,51.133,30/03/2021 04:00,10.3,3.2,1029,60.7,5.2,247.5,,
202103309y1hubrtdye6zd8pyyb96sm4co,Dover,1.348,51.133,30/03/2021 05:00,9.9,3.2,1029,62.5,5.2,225,,
20210330mjbqrzwtrre6zd8pyyb96sm4co,Dover,1.348,51.133,30/03/2021 06:00,8.4,3.2,1029,69.3,4.3,225,,
20210330zqhgcwrtfre6zd8pyyb96sm4co,Dover,1.348,51.133,30/03/2021 07:00,12.4,4.5,1029,58,1.7,180,,
20210330dsnttzctgee6zd8pyyb96sm4co,Dover,1.348,51.133,30/03/2021 08:00,14.1,3.5,1029,48.1,2.6,90,,
20210330x7etccht8ee6zd8pyyb96sm4co,Dover,1.348,51.133,30/03/2021 09:00,15,4.9,1029,50.2,2.6,112.5,,
20210330emg493ctjce6zd8pyyb96sm4co,Dover,1.348,51.133,30/03/2021 10:00,16.5,3.7,1029,41.7,1.7,112.5,,
20210330w1zgm1htkce6zd8pyyb96sm4co,Dover,1.348,51.133,30/03/2021 11:00,17.3,3,1029,37.6,2.6,90,,
20210330y3toh4ctmoe6zd8pyyb96sm4co,Dover,1.348,51.133,30/03/2021 12:00,18.6,2.7,1028,33.8,4.3,90,,
20210330pyc7qqwtcoe6zd8pyyb96sm4co,Dover,1.348,51.133,30/03/2021 13:00,19.2,4.1,1028,36.1,7,90,,
202103303eo8mirtpoe6zd8pyyb96sm4co,Dover,1.348,51.133,30/03/2021 14:00,19.6,4.2,1027,35.5,11.3,90,,
20210330fqqagsctqwe6zd8pyyb96sm4co,Dover,1.348,51.133,30/03/2021 15:00,19.7,4.4,1026,35.8,7.8,90,,
20210330tih1c4htxwe6zd8pyyb96sm4co,Dover,1.348,51.133,30/03/2021 16:00,19.8,3.6,1026,33.5,7.8,90,,
202103301sfm8swtxwe6zd8pyyb96sm4co,Dover,1.348,51.133,30/03/2021 17:00,18.6,3.5,1025,36,5.2,67.5,,
202103307h31t1rtowe6zd8pyyb96sm4co,Dover,1.348,51.133,30/03/2021 18:00,16.4,2.7,1025,39.1,6.1,67.5,,
20210330kdur16httae6zd8pyyb96sm4co,Dover,1.348,51.133,30/03/2021 19:00,14.7,3.4,1025,46,6.1,67.5,,
20210330sk41b8ht1ae6zd8pyyb96sm4co,Dover,1.348,51.133,30/03/2021 20:00,13.8,3.8,1025,50.3,4.3,67.5,,
20210330n1mm9hwtuhe6zd8pyyb96sm4co,Dover,1.348,51.133,30/03/2021 21:00,13.2,4.4,1025,54.5,1.7,67.5,,
20210330q3y75jrtwhe6zd8pyyb96sm4co,Dover,1.348,51.133,30/03/2021 22:00,11.6,3.3,1025,56.1,1.7,135,,
202103305yxpiyrtihe6zd8pyyb96sm4co,Dover,1.348,51.133,30/03/2021 23:00,13.8,2.8,1024,46.8,4.3,112.5,,
?202103318g9cdcwtzye6zd8pyyb96sm4co,Dover,1.348,51.133,31/03/2021,14,3.7,1024,49.3,2.6,135,,
20210331up6kebrtaye6zd8pyyb96sm4co,Dover,1.348,51.133,31/03/2021 01:00,12.4,5.6,1023,62.8,2.6,180,,
20210331bjbk88ht3re6zd8pyyb96sm4ma,Dover,1.348,51.133,31/03/2021 02:00,12.1,5.4,1023,63.2,4.3,225,,
20210331mh5hrbht4re6zd8pyyb96sm4ma,Dover,1.348,51.133,31/03/2021 03:00,12.6,5.3,1022,60.7,4.3,225,,
20210331ad6r9mct5re6zd8pyyb96sm4ma,Dover,1.348,51.133,31/03/2021 04:00,12.6,5.6,1022,62,5.2,225,,
20210331o1yirbwt7ee6zd8pyyb96sm4ma,Dover,1.348,51.133,31/03/2021 05:00,12.3,5.8,1022,64.1,6.1,225,,
20210331h3fry4ht6ee6zd8pyyb96sm4ma,Dover,1.348,51.133,31/03/2021 06:00,12.1,6.3,1022,67.3,5.2,225,,
20210331jzbo4pct9ce6zd8pyyb96sp8eh,Dover,1.348,51.133,31/03/2021 07:00,12.4,6.7,1021,67.8,5.2,225,,
20210331i8o541w1yce6zd8pyyb96sp8eh,Dover,1.348,51.133,31/03/2021 08:00,12.6,6.8,1021,67.4,6.1,202.5,,
20210331n8y99fr1boe6znxqyyb96scx3r,Dover,1.348,51.133,31/03/2021 09:00,13.4,7.6,1021,67.6,7,225,,
20210331piukrpc1noe6znxqyyb96scx3r,Dover,1.348,51.133,31/03/2021 10:00,13.7,7.1,1021,64,7.8,225,,
202103313hz7kww1doe6znxqyyb96scx3r,Dover,1.348,51.133,31/03/2021 11:00,14.6,7.5,1021,62,6.1,225,,
202103315rrsh6r1doe6znxqyyb96scx3r,Dover,1.348,51.133,31/03/2021 12:00,15.6,7.7,1020,58.9,7,225,,
20210331gdwa83w1rwe6znxqyyb96scx3r,Dover,1.348,51.133,31/03/2021 13:00,16.8,7.8,1020,54.9,6.1,225,,
202103311kkaa1h1fwe6znxqyyb96scx3r,Dover,1.348,51.133,31/03/2021 14:00,16.7,7.2,1020,53,5.2,225,,
202103316t5mpoc1gwe6znxqyyb96scx3r,Dover,1.348,51.133,31/03/2021 15:00,16.8,7.3,1019,53.1,4.3,225,,
20210331k4rsi1r18ae6znxqyyb96scx3r,Dover,1.348,51.133,31/03/2021 16:00,16.8,7.4,1019,53.4,5.2,247.5,,
20210331zbdg9ph1eae6znxqyyb96scx3r,Dover,1.348,51.133,31/03/2021 17:00,17.7,7.5,1019,50.8,2.6,247.5,,
20210331dgecmth1jhe6znxqyyb96scx3r,Dover,1.348,51.133,31/03/2021 18:00,16.5,6.1,1019,49.7,1.7,247.5,,
20210331xpwo1hh1khe6znxqyyb96scx3r,Dover,1.348,51.133,31/03/2021 19:00,14.3,5.9,1019,56.6,1.7,180,,
20210331hxmsfkr1mhe6znxqyyb96scx3r,Dover,1.348,51.133,31/03/2021 20:00,13.7,6.2,1019,60.1,2.6,157.5,,
2021033185zum1r1pye6znxqyyb96scx3r,Dover,1.348,51.133,31/03/2021 21:00,15.5,6.5,1019,54.6,1.7,180,,
20210331yj14wkc1xre6znxqyyb96scx3r,Dover,1.348,51.133,31/03/2021 22:00,14.6,6.5,1019,57.9,2.6,112.5,,
20210331coz7qgr1ore6znxqyyb96scx3r,Dover,1.348,51.133,31/03/2021 23:00,15,5.6,1020,52.9,4.3,90,,
?20210401azzadtc1tre6znxqyyb96scx3r,Dover,1.348,51.133,01/04/2021,16.1,5,1020,47.2,2.6,90,,
20210401r67gxwc11ee6znxqyyb96scx3r,Dover,1.348,51.133,01/04/2021 01:00,15,6.8,1019,57.6,2.6,90,,
20210401tg8kdur1uee6znxqyyb96scx3r,Dover,1.348,51.133,01/04/2021 02:00,15,7,1019,58.4,2.6,67.5,,
202104011nboypc1uee6znxqyyb96scx3r,Dover,1.348,51.133,01/04/2021 03:00,12.6,6.4,1020,65.6,5.2,337.5,,
202104017pm4f4c1wee6znxqyyb96scx3r,Dover,1.348,51.133,01/04/2021 04:00,11.7,6.7,1020,71.1,13,337.5,,
20210401jw8u1pc1ice6znxqyyb96scx3r,Dover,1.348,51.133,01/04/2021 05:00,9.4,6.7,1020,83.1,20,0,,
20210401ihjiqih1sce6znxqyyb96scx3r,Dover,1.348,51.133,01/04/2021 06:00,7.7,6.3,1021,90.8,22.6,0,27.8,
20210401qjjtiaw1aoe6znxqyyb96scx3r,Dover,1.348,51.133,01/04/2021 08:00,8.3,7.4,1022,94,22.6,337.5,29.5,
202104014o1boow13oe6znxqyyb96scx3r,Dover,1.348,51.133,01/04/2021 09:00,8.3,6.7,1023,89.5,26.1,0,31.3,
20210401gzzoigr14we6znxqyyb96scx3r,Dover,1.348,51.133,01/04/2021 10:00,9.3,7.1,1023,85.9,24.3,0,32.2,
20210401194p15h15we6znxqyyb96scx3r,Dover,1.348,51.133,01/04/2021 11:00,9.9,7.3,1024,83.6,20.9,22.5,28.7,
202104019gm8qhw1hwe6znxqyyb96scx3r,Dover,1.348,51.133,01/04/2021 12:00,11.5,7.7,1024,77.2,22.6,0,32.2,
20210401mc7dgoh17ae6znxqyyb96scx3r,Dover,1.348,51.133,01/04/2021 13:00,11.1,7,1024,75.5,22.6,0,31.3,
20210401zw8eyfw16ae6znxqyyb96scx3r,Dover,1.348,51.133,01/04/2021 14:00,9.4,5.8,1025,78,22.6,22.5,31.3,
20210401d51kxjc19he6znxqyyb96scx3r,Dover,1.348,51.133,01/04/2021 15:00,8.1,5.4,1025,82.9,24.3,22.5,33,
20210401hjem39cubhe6znxqyyb96scx3r,Dover,1.348,51.133,01/04/2021 16:00,7.3,4.9,1025,84.5,21.7,22.5,29.5,
20210401eodrpthudye6znxqyyb96scx3r,Dover,1.348,51.133,01/04/2021 17:00,6.4,4.2,1025,85.7,21.7,22.5,27.8,
20210401wzp55nhurye6znxqyyb96scx3r,Dover,1.348,51.133,01/04/2021 18:00,5.8,3.9,1025,87.4,24.3,0,28.7,
20210401bsac1chufre6znxqyyb96scx3r,Dover,1.348,51.133,01/04/2021 19:00,5.1,3.4,1026,88.5,20.9,22.5,28.7,
20210401pffoyfhugre6znxqyyb96scx3r,Dover,1.348,51.133,01/04/2021 20:00,4.8,3.1,1026,88.6,22.6,0,29.5,
202104014dcf5zru8re6znxqyyb96spd8h,Dover,1.348,51.133,01/04/2021 21:00,4.8,3.1,1026,88.6,21.7,22.5,31.3,
202104015mc64qhu8re6znxqyyb96spd8h,Dover,1.348,51.133,01/04/2021 22:00,4.7,2.7,1027,86.7,21.7,22.5,27.8,
20210401fu6tmhwueee6znxqyyb96spd8h,Dover,1.348,51.133,01/04/2021 23:00,4.9,2.8,1027,86.1,20.9,22.5,28.7,
?20210402t5d8zmcujee6znxqyyb96spd8h,Dover,1.348,51.133,02/04/2021,5,2.7,1027,84.8,16.5,22.5,26.9,
202104026ns6sncukee6znxqyyb96spd8h,Dover,1.348,51.133,02/04/2021 01:00,5,2.9,1027,85.9,16.5,22.5,,
20210402keho44wumce6znxqyyb96spd8h,Dover,1.348,51.133,02/04/2021 02:00,4.7,2.1,1027,82.9,16.5,22.5,,
20210402so8p7jwucce6znxqyyb96spd8h,Dover,1.348,51.133,02/04/2021 03:00,4.7,2.1,1027,82.9,16.5,0,,
20210402nzx4nkhupoe6znxqyyb96spd8h,Dover,1.348,51.133,02/04/2021 04:00,4.8,2.1,1026,82.3,15.6,22.5,25.2,
20210402q6bmgxruqoe6znxqyyb96spd8h,Dover,1.348,51.133,02/04/2021 05:00,4.8,1.3,1027,77.7,16.5,45,25.2,
202104025rh3hchuxoe6znxqyyb96spd8h,Dover,1.348,51.133,02/04/2021 06:00,5,1.4,1027,77.1,13.9,22.5,,
202104028cmqgswuowe6znxqyyb96spd8h,Dover,1.348,51.133,02/04/2021 07:00,5.6,1.8,1028,76.2,15.6,22.5,,
202104029489a3wu1we6znxqyyb96spd8h,Dover,1.348,51.133,02/04/2021 08:00,6.3,3,1028,79.1,14.8,22.5,,
20210402cbpmrjcuuae6znxqyyb96spd8h,Dover,1.348,51.133,02/04/2021 09:00,6.8,2.1,1028,71.6,15.6,22.5,,
20210402aextbdwuwae6znxqyyb96spd8h,Dover,1.348,51.133,02/04/2021 10:00,7.4,2.4,1029,70,15.6,22.5,,
20210402rxoboihuihe6znxqyyb96spd8h,Dover,1.348,51.133,02/04/2021 11:00,7.4,2.5,1029,70.6,19.1,22.5,26.1,
20210402osxpm6rushe6znxqyyb96spd8h,Dover,1.348,51.133,02/04/2021 12:00,7.1,2.6,1029,72.6,20,22.5,26.1,
20210402h7s5pdcuzhe6znxqyyb96spd8h,Dover,1.348,51.133,02/04/2021 13:00,7.5,2.6,1029,70.6,18.2,22.5,26.9,
20210402jfrtfgcu3ye6znxqyyb96spd8h,Dover,1.348,51.133,02/04/2021 14:00,7.3,2.5,1029,71.1,20,0,31.3,
20210402imatd3ru4ye6znxqyyb96spd8h,Dover,1.348,51.133,02/04/2021 15:00,6.6,2,1029,72,20.9,0,31.3,
20210402b1ak7uwu5re6znxqyyb96spd8h,Dover,1.348,51.133,02/04/2021 16:00,6.2,2.6,1029,77.3,19.1,22.5,29.5,
20210402nxt7qdcu5re6znxqyyb96spd8h,Dover,1.348,51.133,02/04/2021 17:00,5.7,2,1029,76.6,20.9,22.5,29.5,
20210402p4b63jruhre6znxqyyb96spd8h,Dover,1.348,51.133,02/04/2021 18:00,5.5,1.7,1029,76.1,20,0,29.5,
202104024bjf7shu7re6znxqyyb96spd8h,Dover,1.348,51.133,02/04/2021 19:00,5.5,1,1029,72.3,20.9,0,28.7,
20210402gcpunscu6ee6znxqyyb96spd8h,Dover,1.348,51.133,02/04/2021 20:00,5.6,1.8,1030,76,15.6,0,26.9,
202104021xktjaru9ee6znxqyyb96spd8h,Dover,1.348,51.133,02/04/2021 21:00,5.9,2,1030,75.6,14.8,0,,
202104026sg4y3hwyee6znxqyyb96spd8h,Dover,1.348,51.133,02/04/2021 22:00,5.8,3,1030,81.9,13.9,0,,
20210402k7ccb6rwbce6znxqyyb96spd8h,Dover,1.348,51.133,02/04/2021 23:00,4.6,2.6,1030,86.7,13.9,0,,
?20210403zr7j14wwnce6znxqyyb96spd8h,Dover,1.348,51.133,03/04/2021,4.7,2.4,1030,84.9,15.6,0,25.2,
20210403dc1xhgrwdoe6znxqyyb96spd8h,Dover,1.348,51.133,03/04/2021 01:00,5.4,2.4,1030,80.7,16.5,0,,
20210403x1481cwwroe6znxqyyb96spd8h,Dover,1.348,51.133,03/04/2021 02:00,5.4,2.5,1029,81.3,14.8,0,,
2021040354b3kjhwfoe6znxqyyb96spd8h,Dover,1.348,51.133,03/04/2021 03:00,5,0.7,1029,73.2,19.1,0,26.1,
20210403eyuxerhwgwe6znxqyyb96spd8h,Dover,1.348,51.133,03/04/2021 04:00,5,1,1029,74.9,19.1,22.5,27.8,
20210403we83b7cw8we6znxqyyb96spd8h,Dover,1.348,51.133,03/04/2021 05:00,5.1,1,1029,74.3,18.2,22.5,29.5,
20210403yqwigywweae6znxqyyb96spd8h,Dover,1.348,51.133,03/04/2021 06:00,5.1,1.1,1030,74.9,19.1,22.5,29.5,
20210403csdp5cwwjae6znxqyyb96spd8h,Dover,1.348,51.133,03/04/2021 07:00,5.3,1.7,1030,77.2,19.1,22.5,26.9,
20210403ah669ywwkae6znxqyyb96spd8h,Dover,1.348,51.133,03/04/2021 08:00,5.6,1.3,1030,73.4,18.2,22.5,27.8,
20210403fdhce7cwmhe6znxqyyb96spd8h,Dover,1.348,51.133,03/04/2021 09:00,6.1,1.5,1031,71.8,20,22.5,26.9,
20210403tmkb3uwwche6znxqyyb96spd8h,Dover,1.348,51.133,03/04/2021 10:00,6.3,2.3,1031,75.1,18.2,0,27.8,
20210403713p6zhwphe6znxqyyb96spd8h,Dover,1.348,51.133,03/04/2021 11:00,6.5,2.1,1031,73,19.1,22.5,26.9,
20210403syoarghwoye6znxqyyb96spd8h,Dover,1.348,51.133,03/04/2021 12:00,6.9,2.2,1031,71.6,18.2,22.5,26.9,
20210403n8sgmycwtre6znxqyyb96spd8h,Dover,1.348,51.133,03/04/2021 13:00,7,2.2,1031,71,19.1,22.5,26.9,
20210403qq6igirw1re6znxqyyb96spd8h,Dover,1.348,51.133,03/04/2021 14:00,7.5,2.7,1031,71.1,18.2,22.5,25.2,
202104034itd39hwure6znxqyyb96spd8h,Dover,1.348,51.133,03/04/2021 15:00,7.4,2.9,1030,72.6,19.1,22.5,26.9,
20210403ght1ojwwwee6znxqyyb96spd8h,Dover,1.348,51.133,03/04/2021 16:00,8.3,2.3,1030,65.3,20,22.5,28.7,
20210403udqzgwcwiee6znxqyyb96spd8h,Dover,1.348,51.133,03/04/2021 17:00,6.6,1.7,1030,70.4,15.6,22.5,26.9,
202104039k3x7fwwsee6znxqyyb96spd8h,Dover,1.348,51.133,03/04/2021 18:00,5.8,1.2,1030,71.8,18.2,22.5,26.9,
20210403msj1zghwzce6znxqyyb96spd8h,Dover,1.348,51.133,03/04/2021 19:00,5.4,1.9,1030,77.7,16.5,22.5,26.1,
20210403czqoo5rwzce6znxqyyb96spd8h,Dover,1.348,51.133,03/04/2021 20:00,5.2,0.8,1030,72.8,15.6,22.5,25.2,
20210403za9kwyrwace6znxqyyb96spd8h,Dover,1.348,51.133,03/04/2021 21:00,5.1,1.1,1030,74.9,13,22.5,,
20210403d97xuecw3oe6znxqyyb96spd8h,Dover,1.348,51.133,03/04/2021 22:00,5,1,1030,74.8,13,22.5,,
20210403og7dnkcw4oe6znxqyyb96spd8h,Dover,1.348,51.133,03/04/2021 23:00,4.9,1.1,1030,76,12.2,22.5,,
?20210404hq8ejprw5oe6znxqyyb96spd8h,Dover,1.348,51.133,04/04/2021,5,1.6,1030,78.2,13,22.5,,
20210404ei8g98wwhwe6znxqyyb96spd8h,Dover,1.348,51.133,04/04/2021 01:00,4.9,1.4,1029,77.7,11.3,22.5,,
20210404bdjinbww6ae6znxqyyb96spd8h,Dover,1.348,51.133,04/04/2021 02:00,4.7,1.5,1029,79.4,12.2,22.5,,
20210404nfsc4thw6ae6znxqyyb96spd8h,Dover,1.348,51.133,04/04/2021 03:00,4.5,1.4,1029,79.8,7.8,22.5,,
20210404pkzus5hw9ae6znxqyyb96spd8h,Dover,1.348,51.133,04/04/2021 04:00,4.6,1.6,1028,80.7,7.8,45,,
202104043toab4riyae6znxqyyb96spd8h,Dover,1.348,51.133,04/04/2021 05:00,4.2,1.4,1028,81.7,7,337.5,,
20210404fa1gctcibhe6znxqyyb96spd8h,Dover,1.348,51.133,04/04/2021 06:00,4.1,1.5,1028,82.8,5.2,0,,
20210404t9x8rthinhe6znxqyyb96spd8h,Dover,1.348,51.133,04/04/2021 07:00,4.6,1.8,1028,81.8,6.1,337.5,,
2021040468c31dridhe6znxqyyb96spd8h,Dover,1.348,51.133,04/04/2021 08:00,5.1,1.6,1028,77.7,2.6,337.5,,
20210404sw6t3qhigye6znxqyyb96spd8h,Dover,1.348,51.133,04/04/2021 09:00,5.9,2.2,1028,76.6,5.2,337.5,,
20210404n55cfkhi8re6znxqyyb96spd8h,Dover,1.348,51.133,04/04/2021 10:00,6.3,1.7,1027,71.9,2.6,337.5,,
20210404xji1r5ciere6znxqyyb96spd8h,Dover,1.348,51.133,04/04/2021 11:00,6.3,0.7,1027,66.8,2.6,292.5,,
202104045kxw68hijre6znxqyyb96spd8h,Dover,1.348,51.133,04/04/2021 12:00,6.8,1.3,1026,67.5,4.3,180,,
202104048tb8gqhikee6znxqyyb96spd8h,Dover,1.348,51.133,04/04/2021 13:00,7.5,1.3,1025,64.2,6.1,180,,
20210404uafe6nrimee6znxqyyb96spd8h,Dover,1.348,51.133,04/04/2021 14:00,8.3,2.5,1024,66.4,6.1,180,,
20210404whcn75rimee6znxqyyb96spd8h,Dover,1.348,51.133,04/04/2021 15:00,7.1,1.8,1023,68.6,8.7,225,,
2021040499ki9bwicee6znxqyyb96spd8h,Dover,1.348,51.133,04/04/2021 16:00,6.8,2.5,1022,73.8,9.6,225,,
20210404cgtp5dwipce6znxqyyb96spd8h,Dover,1.348,51.133,04/04/2021 17:00,6.5,3.2,1021,79.2,11.3,225,,
20210404aqm1idciqce6znxqyyb96spd8h,Dover,1.348,51.133,04/04/2021 18:00,6.1,3.9,1021,85.7,11.3,225,,
20210404r3bj6irixoe6znxqyyb96spd8h,Dover,1.348,51.133,04/04/2021 19:00,6.2,4.7,1020,90.1,8.7,225,,
20210404o5s6ayhiooe6znxqyyb96spd8h,Dover,1.348,51.133,04/04/2021 20:00,6,4.6,1019,90.7,11.3,247.5,,
202104047n6sscwitoe6znxqyyb96spd8h,Dover,1.348,51.133,04/04/2021 21:00,5.5,3.8,1018,88.7,9.6,247.5,,
20210404jc5gy6ri1we6znxqyyb96spd8h,Dover,1.348,51.133,04/04/2021 22:00,5.2,3.5,1017,88.6,8.7,247.5,,
20210404itdx3dciuwe6znxqyyb96spd8h,Dover,1.348,51.133,04/04/2021 23:00,5.9,3.9,1016,86.9,8.7,247.5,,
?20210405bzhbmzriwae6znxqyyb96spd8h,Dover,1.348,51.133,05/04/2021,7,3.8,1015,79.9,9.6,270,,
20210405p9yfkgwiiae6znxqyyb96spd8h,Dover,1.348,51.133,05/04/2021 01:00,6.6,3.6,1015,81,8.7,270,,
202104054f6scqwisae6znxqyyb96spd8h,Dover,1.348,51.133,05/04/2021 02:00,6.5,3.6,1014,81.5,8.7,270,,
202104051wn9zyhiahe6znxqyyb96spd8h,Dover,1.348,51.133,05/04/2021 03:00,6.6,3.9,1013,82.8,8.7,270,,
2021040565ft19ci3he6znxqyyb96spd8h,Dover,1.348,51.133,05/04/2021 04:00,6.8,4.2,1012,83.4,7,270,,
20210405mb9tasri5ye6znxqyyb96spd8h,Dover,1.348,51.133,05/04/2021 05:00,7.4,4.1,1012,79.4,8.7,270,,
20210405abf99gwihye6znxqyyb96spd8h,Dover,1.348,51.133,05/04/2021 06:00,7.3,4.1,1012,80,7.8,270,,
20210405dow3oqwi7re6znxqyyb96spd8h,Dover,1.348,51.133,05/04/2021 07:00,6.2,2.8,1013,78.7,13.9,292.5,26.9,
20210405xzpsd6hi6re6znxqyyb96spd8h,Dover,1.348,51.133,05/04/2021 08:00,4.3,1.6,1014,82.4,20,0,31.3,
20210405oiusguci6re6znxqyyb96spd8h,Dover,1.348,51.133,05/04/2021 09:00,3.7,0.1,1015,77.1,18.2,0,27.8,
2021040556oofpwi9re6znxqyyb96spd8h,Dover,1.348,51.133,05/04/2021 10:00,5.2,0.6,1016,71.9,16.5,0,25.2,
20210405wctikbhsbee6znxqyyb96spd8h,Dover,1.348,51.133,05/04/2021 11:00,3.1,0.1,1017,80.5,20,0,26.1,
20210405ieogbjrsbee6znxqyyb96spd8h,Dover,1.348,51.133,05/04/2021 12:00,4.4,-1.3,1017,66.1,15.6,337.5,,
20210405c5rmnfcsdce6znxqyyb96spd8h,Dover,1.348,51.133,05/04/2021 14:00,6.4,-5.1,1018,42.9,13.9,337.5,25.2,
202104053nu9yfwsrce6znxqyyb96spd8h,Dover,1.348,51.133,05/04/2021 15:00,4.8,-6.7,1018,42.4,14.8,337.5,26.9,
20210405fe5nnjcsfoe6znxqyyb96spd8h,Dover,1.348,51.133,05/04/2021 16:00,4.9,-6.1,1019,44.1,13,337.5,,
20210405tx3rzmhsgoe6znxqyyb96spd8h,Dover,1.348,51.133,05/04/2021 17:00,3.8,-9.2,1019,34,14.8,337.5,,
202104057z4afocs8oe6znxqyyb96spd8h,Dover,1.348,51.133,05/04/2021 18:00,3.3,-9.7,1019,33.7,13.9,315,,
20210405j6rdoehsewe6znxqyyb96spd8h,Dover,1.348,51.133,05/04/2021 19:00,1.7,-8.8,1020,41.1,11.3,315,,
20210405sfwgqkrsjwe6znxqyyb96spd8h,Dover,1.348,51.133,05/04/2021 20:00,1.1,-8.8,1020,42.9,7,292.5,,
20210405npehuerskae6znxqyyb96spd8h,Dover,1.348,51.133,05/04/2021 21:00,1.4,-8.4,1020,43.6,11.3,315,,
2021040544dkkrrscae6znxqyyb96spd8h,Dover,1.348,51.133,05/04/2021 22:00,1.4,-8.1,1020,44.8,8.7,292.5,,
202104058b18uyrsphe6znxqyyb96spd8h,Dover,1.348,51.133,05/04/2021 23:00,1.1,-7.4,1020,48.8,7.8,292.5,,
?20210406uexe35hsqhe6znxqyyb96spd8h,Dover,1.348,51.133,06/04/2021,1.1,-6.6,1020,52.3,13.9,292.5,,
202104069xkyh4rsxhe6znxqyyb96spd8h,Dover,1.348,51.133,06/04/2021 01:00,1,-5.7,1020,57.1,13,292.5,,
20210406ms1en8rstye6znxqyyb96spd8h,Dover,1.348,51.133,06/04/2021 02:00,0.5,-5.3,1020,61.2,12.2,292.5,,
20210406z7od8whs1ye6znxqyyb96spd8h,Dover,1.348,51.133,06/04/2021 03:00,0.1,-5,1019,64.9,9.6,292.5,,
20210406rri5xbrsure6znxqyyb96spd8h,Dover,1.348,51.133,06/04/2021 04:00,0,-4.5,1019,68.2,12.2,292.5,,
20210406r66x7qcsure6znxqyyb96spd8h,Dover,1.348,51.133,06/04/2021 05:00,-0.2,-4.4,1019,69.9,7.8,292.5,,
20210406om5dazwswre6znxqyyb96spd8h,Dover,1.348,51.133,06/04/2021 06:00,-0.2,-4.2,1019,71.1,8.7,292.5,,
20210406h19khyrsire6znxqyyb96spd8h,Dover,1.348,51.133,06/04/2021 07:00,1,-3.4,1019,69.7,11.3,292.5,,
20210406e4a4nwrssee6znxqyyb96spd8h,Dover,1.348,51.133,06/04/2021 08:00,3.2,-2.5,1019,65.7,12.2,315,,
20210406ibf3rfrszee6znxqyyb96spd8h,Dover,1.348,51.133,06/04/2021 09:00,4.5,-5,1019,49.5,14.8,292.5,,
20210406bekqtarsace6znxqyyb96spd8h,Dover,1.348,51.133,06/04/2021 10:00,5.8,-4.9,1018,45.6,15.6,292.5,25.2,
20210406pxjpdihs3ce6znxqyyb96spd8h,Dover,1.348,51.133,06/04/2021 11:00,6.9,-5.7,1018,39.5,13.9,315,26.9,
202104063su77bhs4ce6znxqyyb96spd8h,Dover,1.348,51.133,06/04/2021 12:00,6.7,-6.7,1017,37.1,15.6,292.5,28.7,
20210406f7dzd1rs5oe6znxqyyb96spd8h,Dover,1.348,51.133,06/04/2021 13:00,7.5,-7.9,1017,31.9,18.2,315,29.5,
202104061r868khshoe6znxqyyb96spd8h,Dover,1.348,51.133,06/04/2021 14:00,8.5,-6.2,1017,34.1,15.6,315,27.8,
202104066mzq75hs7oe6znxqyyb96spd8h,Dover,1.348,51.133,06/04/2021 15:00,6.1,-6.6,1017,39,18.2,315,28.7,
20210406k1p8kwrs6we6znxqyyb96spd8h,Dover,1.348,51.133,06/04/2021 16:00,4.5,-6.2,1017,45.1,11.3,315,26.9,
20210406s3o95gcs9we6znxqyyb96spd8h,Dover,1.348,51.133,06/04/2021 17:00,4.8,-5.4,1017,47,14.8,315,25.2,
20210406dywwu9wzyae6znxqyyb96spd8h,Dover,1.348,51.133,06/04/2021 18:00,3.4,-4.1,1017,57.4,12.2,0,,
202104065xm78kwznae6znxqyyb96spd8h,Dover,1.348,51.133,06/04/2021 19:00,0.7,-4.1,1018,67,8.7,0,,
202104068i4f4kczdhe6znxqyyb96spd8h,Dover,1.348,51.133,06/04/2021 20:00,0.3,-4.6,1018,66.2,11.3,315,,
20210406u7nfuwhzrhe6znxqyyb96spd8h,Dover,1.348,51.133,06/04/2021 21:00,0,-4.5,1019,68.2,11.3,337.5,,
20210406ydhj4ywzgye6znxqyyb96spd8h,Dover,1.348,51.133,06/04/2021 22:00,-0.3,-3.7,1019,74.7,9.6,315,,
20210406cm8t7twz8ye6znxqyyb96spd8h,Dover,1.348,51.133,06/04/2021 23:00,0,-4.5,1020,68.2,11.3,315,,
?20210407a1s1bowzeye6znxqyyb96spd8h,Dover,1.348,51.133,07/04/2021,-0.5,-3.7,1020,75.9,12.2,292.5,,
20210407r3817rwzjre6znxqyyb96spd8h,Dover,1.348,51.133,07/04/2021 01:00,-0.6,-4,1020,74.4,12.2,292.5,,
20210407tygh6xrzkre6znxqyyb96spd8h,Dover,1.348,51.133,07/04/2021 02:00,-1.1,-4.2,1020,75.9,11.3,292.5,,
2021040778jbh9rzmre6znxqyyb96spd8h,Dover,1.348,51.133,07/04/2021 03:00,-0.9,-4.8,1021,71,9.6,292.5,,
202104076djue3rzmre6znxqyyb96spd8h,Dover,1.348,51.133,07/04/2021 04:00,-1,-5.4,1021,68,8.7,292.5,,
20210407jqogzyrzcee6znxqyyb96spd8h,Dover,1.348,51.133,07/04/2021 05:00,-1.6,-5.6,1021,69.8,7,270,,
20210407iie18urzpee6znxqyyb96spd8h,Dover,1.348,51.133,07/04/2021 06:00,-0.9,-5.2,1022,68.5,11.3,292.5,,
20210407b7yf3rrzqce6znxqyyb96spd8h,Dover,1.348,51.133,07/04/2021 07:00,0.6,-3.9,1022,68.7,13.9,292.5,,
20210407qgenbwrzxce6znxqyyb96spd8h,Dover,1.348,51.133,07/04/2021 08:00,2.7,-4.7,1022,57.5,12.2,292.5,,
202104074mm1dyhzoce6znxqyyb96spd8h,Dover,1.348,51.133,07/04/2021 09:00,4.9,-5.6,1023,45.8,11.3,292.5,,
20210407gt3bbiwztoe6znxqyyb96spd8h,Dover,1.348,51.133,07/04/2021 10:00,5.9,-5.4,1023,43.3,14.8,292.5,25.2,
202104071a9t8bcz1oe6znxqyyb96spd8h,Dover,1.348,51.133,07/04/2021 11:00,6.3,-5.1,1023,43.1,9.6,270,,
20210407mg4n98rzwwe6znxqyyb96spd8h,Dover,1.348,51.133,07/04/2021 12:00,6.3,-5.2,1022,42.7,11.3,270,,
20210407cbhc36hzwwe6znxqyyb96spd8h,Dover,1.348,51.133,07/04/2021 13:00,5.2,-5.9,1023,43.7,9.6,270,,
20210407diuke5wzsae6znxqyyb96spd8h,Dover,1.348,51.133,07/04/2021 14:00,5.6,-4.9,1023,45.9,9.6,292.5,,
20210407xhyffdrzzae6znxqyyb96spd8h,Dover,1.348,51.133,07/04/2021 15:00,5.6,-5,1023,45.6,8.7,292.5,,
20210407hd9nrdwzaae6znxqyyb96spd8h,Dover,1.348,51.133,07/04/2021 16:00,5.2,-5.2,1023,46.1,9.6,292.5,,
20210407eknpshwz3he6znxqyyb96spd8h,Dover,1.348,51.133,07/04/2021 17:00,5.1,-5.6,1023,45.2,8.7,292.5,,
20210407wt3xwghz4he6znxqyyb96spd8h,Dover,1.348,51.133,07/04/2021 18:00,4.7,-5,1023,48.7,2.6,292.5,,
20210407yaxwubhzhye6znxqyyb96spd8h,Dover,1.348,51.133,07/04/2021 19:00,3.8,-4.6,1023,53.5,2.6,292.5,,
20210407c9wpc5cz7ye6znxqyyb96spd8h,Dover,1.348,51.133,07/04/2021 20:00,3.4,-4.2,1024,56.7,4.3,270,,
202104073gpcg5cz6ye6znxqyyb96spd8h,Dover,1.348,51.133,07/04/2021 21:00,3.2,-4.1,1024,58.1,5.2,270,,
20210407fp1pz1cz9re6znxqyyb96spd8h,Dover,1.348,51.133,07/04/2021 22:00,2.2,-4.4,1024,61,7,270,,
20210407g8sguscz9re6znxqyyb96spd8h,Dover,1.348,51.133,07/04/2021 23:00,2.2,-4.8,1024,56.4,7,270,,
?20210408twun7wwayre6znxqyyb96spd8h,Dover,1.348,51.133,08/04/2021,2.7,-4.5,1024,58.4,6.1,270,,
20210408knzd5fwanee6znxqyyb96spd8h,Dover,1.348,51.133,08/04/2021 02:00,3.1,-4.4,1024,57.1,6.1,270,,
20210408sjw58rwadee6znxqyyb96spd8h,Dover,1.348,51.133,08/04/2021 03:00,3.2,-3.9,1024,58.9,7,270,,
20210408ntkjbkharce6znxqyyb96spd8h,Dover,1.348,51.133,08/04/2021 04:00,3.3,-3.2,1024,61.8,7,270,,
20210408qz9piywafce6znxqyyb96spd8h,Dover,1.348,51.133,08/04/2021 05:00,3.2,-3.4,1024,61.2,7,270,,
2021040846a7pthagce6znxqyyb96spd8h,Dover,1.348,51.133,08/04/2021 06:00,3.2,-3,1024,63.2,7,270,,
202104088f7nw9wa8oe6znxqyyb96spd8h,Dover,1.348,51.133,08/04/2021 07:00,4.5,-3.4,1024,55.8,5.2,247.5,,
202104089wrw59wajoe6znxqyyb96spd8h,Dover,1.348,51.133,08/04/2021 08:00,6.6,-3.2,1024,48.8,7,225,,
20210408mhdag4cakwe6znxqyyb96spd8h,Dover,1.348,51.133,08/04/2021 09:00,6.5,-3.2,1024,49.2,8.7,225,,
20210408an8s85ramwe6znxqyyb96spd8h,Dover,1.348,51.133,08/04/2021 10:00,7.2,-3.6,1023,45.5,9.6,225,,
20210408rjic9wracae6znxqyyb96spd8h,Dover,1.348,51.133,08/04/2021 11:00,8.2,-0.1,1023,55.1,,,,
20210408otk6p4rapae6znxqyyb96spd8h,Dover,1.348,51.133,08/04/2021 12:00,8.4,-0.3,1022,53.7,,,,
20210408hztafmraqae6znxqyyb96spd8h,Dover,1.348,51.133,08/04/2021 13:00,8.4,-0.8,1022,51.7,13,202.5,22.6,
20210408e6wmfjraxhe6znxqyyb96spd8h,Dover,1.348,51.133,08/04/2021 14:00,8,-0.3,1021,55.3,13.9,202.5,,
20210408jazdp4raxhe6znxqyyb96spd8h,Dover,1.348,51.133,08/04/2021 15:00,7.6,0.8,1021,61.6,13.9,202.5,26.1,
20210408bpby4hwa1ye6znxqyyb96spd8h,Dover,1.348,51.133,08/04/2021 16:00,7.5,1,1020,63,13.9,202.5,,
20210408ngxbayha1ye6znxqyyb96spd8h,Dover,1.348,51.133,08/04/2021 17:00,6.9,2.3,1020,72.2,9.6,225,,
20210408puit9bwauye6znxqyyb96spd8h,Dover,1.348,51.133,08/04/2021 18:00,6.5,2.2,1019,73.8,9.6,225,,
20210408344koyhawye6znxqyyb96spd8h,Dover,1.348,51.133,08/04/2021 19:00,6.1,2.7,1019,78.6,7.8,225,,
20210408gne5s9waire6znxqyyb96spd8h,Dover,1.348,51.133,08/04/2021 20:00,5.9,3.3,1018,83.2,6.1,225,,
202104081jnofzwasre6znxqyyb96spd8h,Dover,1.348,51.133,08/04/2021 21:00,5.7,2.9,1018,82,8.7,225,,
202104086o636ihazre6znxqyyb96spd8h,Dover,1.348,51.133,08/04/2021 22:00,5.7,2.9,1017,82,9.6,225,,
20210408kzfyq3caaee6znxqyyb96spd8h,Dover,1.348,51.133,08/04/2021 23:00,5.4,2.7,1017,82.5,12.2,247.5,,
?20210409s6cz96ha3ee6znxqyyb96spd8h,Dover,1.348,51.133,09/04/2021,5.2,2.7,1016,83.7,12.2,225,,
20210409dfu3fpca4ce6znxqyyb96spd8h,Dover,1.348,51.133,09/04/2021 01:00,5,2.6,1016,84.3,11.3,247.5,,
202104095uk194cahce6znxqyyb96spd8h,Dover,1.348,51.133,09/04/2021 02:00,4.8,2.8,1015,86.9,9.6,225,,
2021040984j5utha7oe6znxqyyb96spd8h,Dover,1.348,51.133,09/04/2021 03:00,5.2,3.1,1015,86.2,9.6,247.5,,
20210409wb54kfra6oe6znxqyyb96spd8h,Dover,1.348,51.133,09/04/2021 04:00,4.7,2.5,1014,85.6,9.6,247.5,,
20210409yeq5cyra9we6znxqyyb96spd8h,Dover,1.348,51.133,09/04/2021 05:00,4.9,2.5,1014,84.3,8.7,247.5,,
20210409cxteg6w3ywe6znxqyyb96spd8h,Dover,1.348,51.133,09/04/2021 06:00,4.6,2.8,1014,88.1,7,270,,
20210409asa5y5w3bwe6znxqyyb96spd8h,Dover,1.348,51.133,09/04/2021 07:00,5.9,3.8,1014,86.2,8.7,247.5,,
20210409r7sdb6h3nae6znxqyyb96spd8h,Dover,1.348,51.133,09/04/2021 08:00,7.1,4.4,1014,82.9,9.6,247.5,,
20210409tr7sb3w3dae6znxqyyb96spd8h,Dover,1.348,51.133,09/04/2021 09:00,7.5,4.3,1014,79.9,8.7,225,,
202104091yesy8h3dae6znxqyyb96spd8h,Dover,1.348,51.133,09/04/2021 10:00,9.2,5.5,1014,77.5,7,225,,
202104097m34o9h3rae6znxqyyb96spd8h,Dover,1.348,51.133,09/04/2021 11:00,9.4,5.7,1013,77.5,7.8,225,,
20210409j17dq3h3fhe6znxqyyb96spd8h,Dover,1.348,51.133,09/04/2021 12:00,9.9,5.7,1013,74.9,8.7,225,,
20210409i4r8bdc3ghe6znxqyyb96spd8h,Dover,1.348,51.133,09/04/2021 13:00,9.9,6.4,1013,78.6,7,202.5,,
20210409ny6qbir3eye6znxqyyb96spd8h,Dover,1.348,51.133,09/04/2021 14:00,8.9,5.3,1013,77.9,8.7,202.5,,
20210409qer5o6r3jye6znxqyyb96spd8h,Dover,1.348,51.133,09/04/2021 15:00,8.1,4.8,1012,79.5,5.2,202.5,,
202104094xe8qer3kye6znxqyyb96spd8h,Dover,1.348,51.133,09/04/2021 16:00,8,4,1012,75.8,6.1,225,,
20210409gsjynwc3mre6znxqyyb96spd8h,Dover,1.348,51.133,09/04/2021 17:00,7.6,4,1012,77.8,7.8,225,,
2021040917f8p9h3cre6znxqyyb96spd8h,Dover,1.348,51.133,09/04/2021 18:00,7.2,4.3,1011,81.7,7,225,,
202104099rmo8tr3pre6znxqyyb96spd8h,Dover,1.348,51.133,09/04/2021 19:00,7.3,3.4,1011,76.1,5.2,247.5,,
20210409mm17pxw3qee6znxqyyb96spd8h,Dover,1.348,51.133,09/04/2021 20:00,7.3,4.4,1011,81.7,5.2,247.5,,
20210409z1w6o3c3xee6znxqyyb96spd8h,Dover,1.348,51.133,09/04/2021 21:00,8.1,3.9,1012,74.7,5.2,270,,
20210409oyinc8c3tce6znxqyyb96spd8h,Dover,1.348,51.133,09/04/2021 22:00,7.5,4.1,1011,78.9,6.1,292.5,,
20210409h89akkw31ce6znxqyyb96spd8h,Dover,1.348,51.133,09/04/2021 23:00,6.8,5.3,1012,90.1,16.5,0,,
?202104107jk44jc31ce6znxqyyb96spd8h,Dover,1.348,51.133,10/04/2021,6.5,5.5,1012,93.3,15.6,22.5,,
20210410wi9788r3woe6znxqyyb96spd8h,Dover,1.348,51.133,10/04/2021 01:00,5.9,4.9,1012,93.2,15.6,22.5,,
20210410yh6gjac3iwe6znxqyyb96spd8h,Dover,1.348,51.133,10/04/2021 02:00,5.8,4.9,1012,93.9,15.6,22.5,,
20210410pd9r5uh3swe6znxqyyb96spd8h,Dover,1.348,51.133,10/04/2021 03:00,5.8,4.8,1012,93.3,14.8,45,,
202104103mdb58c3zwe6znxqyyb96spd8h,Dover,1.348,51.133,10/04/2021 04:00,5.8,4.8,1012,93.3,13,67.5,,
202104104raad6r3zwe6znxqyyb96spd8h,Dover,1.348,51.133,10/04/2021 05:00,5.7,4.3,1012,90.7,13,67.5,,
20210410ft6h9rw3aae6znxqyyb96spd8h,Dover,1.348,51.133,10/04/2021 06:00,5.8,4.2,1012,89.5,13,67.5,,
20210410t3cm1qw33ae6znxqyyb96spd8h,Dover,1.348,51.133,10/04/2021 07:00,5.9,4.3,1012,89.3,13.9,67.5,,
202104106ymj6oc34ae6znxqyyb96spd8h,Dover,1.348,51.133,10/04/2021 08:00,5.9,4.3,1012,89.3,14.8,67.5,,
20210410k8enu9c35he6znxqyyb96spd8h,Dover,1.348,51.133,10/04/2021 09:00,6,4.4,1012,89.4,14.8,67.5,,
20210410sq7wmor3hhe6znxqyyb96spd8h,Dover,1.348,51.133,10/04/2021 10:00,5.9,4.6,1012,91.3,15.6,67.5,,
20210410nimbdir36ye6znxqyyb96spd8h,Dover,1.348,51.133,10/04/2021 11:00,5.8,4.9,1012,93.9,13.9,67.5,,
20210410qhwmcir39ye6znxqyyb96spd8h,Dover,1.348,51.133,10/04/2021 12:00,5.5,4.7,1011,94.6,18.2,67.5,,
202104105roazsh4yye6znxqyyb96spd8h,Dover,1.348,51.133,10/04/2021 13:00,5.4,4.9,1011,96.7,16.5,45,,
202104108k6mjfr4bre6znxqyyb96spd8h,Dover,1.348,51.133,10/04/2021 14:00,5.8,5.4,1011,97.3,16.5,45,,
20210410utzbdoh4nre6znxqyyb96spd8h,Dover,1.348,51.133,10/04/2021 15:00,5.3,4.9,1011,97.2,14.8,45,,
20210410cyfk8mr4ree6znxqyyb96spd8h,Dover,1.348,51.133,10/04/2021 16:00,4.9,4.5,1010,97.2,15.6,45,,
20210410a8bfz9h4fee6znxqyyb96spd8h,Dover,1.348,51.133,10/04/2021 17:00,4.3,4,1010,98,19.1,22.5,26.9,
20210410rqgizsc4gce6znxqyyb96spd8h,Dover,1.348,51.133,10/04/2021 18:00,4,3.5,1010,96.6,20,45,26.9,
20210410oitmwuh48ce6znxqyyb96spd8h,Dover,1.348,51.133,10/04/2021 19:00,4,3.6,1011,97.3,18.2,45,27.8,
20210410hhecauw4ece6znxqyyb96spd8h,Dover,1.348,51.133,10/04/2021 20:00,3.7,3.2,1011,96.5,20.9,22.5,26.9,
20210410jdmw6uh4joe6znxqyyb96spd8h,Dover,1.348,51.133,10/04/2021 21:00,3.6,3,1011,95.7,20,22.5,26.9,
20210410iku1r9c4koe6znxqyyb96spd8h,Dover,1.348,51.133,10/04/2021 22:00,3.5,2.7,1012,94.5,18.2,22.5,26.9,
20210410b1d4uww4mwe6znxqyyb96spd8h,Dover,1.348,51.133,10/04/2021 23:00,3.3,2.2,1012,92.5,15.6,0,26.1,
?20210411nco11fw4mwe6znxqyyb96spd8h,Dover,1.348,51.133,11/04/2021,3.2,1.7,1012,89.9,15.6,22.5,,
20210411pawmw8c4cwe6znxqyyb96spd8h,Dover,1.348,51.133,11/04/2021 01:00,3.4,1.5,1012,87.2,15.6,0,25.2,
2021041139tofxr4pwe6znxqyyb96spd8h,Dover,1.348,51.133,11/04/2021 02:00,2.8,0.5,1012,84.7,13.9,0,,
20210411gginb4h4qae6znxqyyb96spd8h,Dover,1.348,51.133,11/04/2021 03:00,2.8,1.2,1012,89,13.9,0,,
202104111pac7bw4xae6znxqyyb96spd8h,Dover,1.348,51.133,11/04/2021 04:00,2.3,0.7,1013,89,13.9,0,25.2,
202104116whmdew4oae6znxqyyb96spd8h,Dover,1.348,51.133,11/04/2021 05:00,2.5,1.5,1013,93.2,9.6,0,,
20210411k5t3xgw4the6znxqyyb96spd8h,Dover,1.348,51.133,11/04/2021 06:00,1.9,0.8,1014,92.3,12.2,337.5,,
20210411zdyna8h41he6znxqyyb96spd8h,Dover,1.348,51.133,11/04/2021 07:00,3.1,1.6,1015,89.8,12.2,337.5,,
20210411dkpoqqw4wye6znxqyyb96spd8h,Dover,1.348,51.133,11/04/2021 08:00,4.1,0.9,1015,79.5,14.8,0,,
20210411xtbdach4iye6znxqyyb96spd8h,Dover,1.348,51.133,11/04/2021 09:00,7,2.5,1016,72.9,18.2,0,25.2,
202104115a8yskh4sye6znxqyyb96spd8h,Dover,1.348,51.133,11/04/2021 10:00,7.3,1.2,1016,64.8,15.6,0,,
20210411898e6cr4zre6znxqyyb96spd8h,Dover,1.348,51.133,11/04/2021 11:00,8.2,2.1,1017,65.1,13.9,337.5,,
20210411yp8e87c43ee6znxqyyb96spd8h,Dover,1.348,51.133,11/04/2021 12:00,7,0,1018,60.6,12.2,337.5,,
20210411cwjm54r44ee6znxqyyb96spd8h,Dover,1.348,51.133,11/04/2021 13:00,7.6,-0.2,1018,57.3,9.6,337.5,,
20210411a5ktqtr45ee6znxqyyb96spd8h,Dover,1.348,51.133,11/04/2021 14:00,9.3,0.4,1018,53.2,11.3,337.5,,
20210411fnx46zh4hce6znxqyyb96spd8h,Dover,1.348,51.133,11/04/2021 15:00,7.6,-0.6,1019,55.6,8.7,0,,
20210411tjofcgr47ce6znxqyyb96spd8h,Dover,1.348,51.133,11/04/2021 16:00,6.8,-2.2,1019,52.1,9.6,315,,
202104117oay3bw46ce6znxqyyb96spd8h,Dover,1.348,51.133,11/04/2021 17:00,7.8,-2.7,1019,46.7,12.2,315,,
20210411jadx7aw49oe6znxqyyb96spd8h,Dover,1.348,51.133,11/04/2021 18:00,5,-1,1021,64.6,12.2,337.5,,
20210411i6zatfw5yoe6znxqyyb96spd8h,Dover,1.348,51.133,11/04/2021 19:00,3.2,0.5,1022,82.2,7.8,0,,
20210411ngfy5hw5bwe6znxqyyb96spd8h,Dover,1.348,51.133,11/04/2021 20:00,1.8,-0.3,1023,85.8,7.8,337.5,,
20210411qprr74r5nwe6znxqyyb96spd8h,Dover,1.348,51.133,11/04/2021 21:00,1.6,0.1,1023,89.5,8.7,315,,
20210411xgnng3r5nwe6znxqyyb96spd8h,Dover,1.348,51.133,11/04/2021 22:00,1.3,-0.3,1024,89,7.8,315,,
202104114wg8anr5dwe6znxqyyb96spd8h,Dover,1.348,51.133,11/04/2021 23:00,1.5,0,1025,89.6,7.8,315,,
?20210412g5ffeow5rae6znxqyyb96spd8h,Dover,1.348,51.133,12/04/2021,1,-0.8,1025,87.5,9.6,292.5,,
20210412un8p8rc5fae6znxqyyb96spd8h,Dover,1.348,51.133,12/04/2021 01:00,0.6,-1.2,1025,87.6,9.6,292.5,,
202104129jbofww5gae6znxqyyb96spd8h,Dover,1.348,51.133,12/04/2021 02:00,0.9,-1.4,1025,84.2,11.3,292.5,,
20210412monw3qw58he6znxqyyb96spd8h,Dover,1.348,51.133,12/04/2021 03:00,1.3,-1.1,1025,83.8,8.7,292.5,,
20210412zzge47w5ehe6znxqyyb96spd8h,Dover,1.348,51.133,12/04/2021 04:00,1.5,-1.1,1026,82.5,7.8,292.5,,
20210412d6gxi7h5kye6znxqyyb96spd8h,Dover,1.348,51.133,12/04/2021 05:00,1.3,-1.8,1026,79.4,11.3,292.5,,
20210412ofohr8w5mye6znxqyyb96spd8h,Dover,1.348,51.133,12/04/2021 06:00,1.6,-1.7,1026,78.3,7.8,292.5,,
20210412hcpr8ow5cye6znxqyyb96spd8h,Dover,1.348,51.133,12/04/2021 07:00,3,-1.2,1027,73.4,6.1,270,,
20210412euz7jmh5pre6znxqyyb96spd8h,Dover,1.348,51.133,12/04/2021 08:00,3.8,-1,1027,70.3,5.2,270,,
20210412w4uri7w5qre6znxqyyb96spd8h,Dover,1.348,51.133,12/04/2021 09:00,5.7,-1,1028,61.4,7,270,,
20210412bbsp74c5xee6znxqyyb96spd8h,Dover,1.348,51.133,12/04/2021 10:00,4.4,-0.3,1028,71,7,270,,
20210412pehz38w5oee6znxqyyb96spd8h,Dover,1.348,51.133,12/04/2021 11:00,5.6,0.4,1028,68.6,4.3,247.5,,
20210412fzrenpw51ce6znxqyyb96spd8h,Dover,1.348,51.133,12/04/2021 12:00,4.7,-0.9,1029,66.4,5.2,202.5,,
20210412t76ysoc5uce6znxqyyb96spd8h,Dover,1.348,51.133,12/04/2021 13:00,3.9,-0.9,1029,70.3,2.6,180,,
202104126fnpp1r5wce6znxqyyb96spd8h,Dover,1.348,51.133,12/04/2021 14:00,5.6,-0.3,1029,65.1,4.3,180,,
20210412kcdprww5ioe6znxqyyb96spd8h,Dover,1.348,51.133,12/04/2021 15:00,5.2,-0.4,1029,66.6,2.6,180,,
20210412sujc31h5soe6znxqyyb96spd8h,Dover,1.348,51.133,12/04/2021 16:00,5.6,-0.1,1029,66.2,4.3,157.5,,
20210412n4caizh5zwe6znxqyyb96spd8h,Dover,1.348,51.133,12/04/2021 17:00,5.4,-0.8,1030,63.7,2.6,180,,
20210412xbkjrow5awe6znxqyyb96spd8h,Dover,1.348,51.133,12/04/2021 18:00,4.5,-0.7,1030,68.3,2.6,180,,
202104125em1g3r53we6znxqyyb96spd8h,Dover,1.348,51.133,12/04/2021 19:00,3.1,0,1030,79.7,5.2,225,,
20210412hnmsw8c53we6znxqyyb96spd8h,Dover,1.348,51.133,12/04/2021 20:00,2.5,0.4,1031,85.8,7,247.5,,
202104128x1hxyc54ae6znxqyyb96spd8h,Dover,1.348,51.133,12/04/2021 21:00,2.5,0.6,1031,87,7,270,,
20210412usok3bh55ae6znxqyyb96spd8h,Dover,1.348,51.133,12/04/2021 22:00,2.5,0.7,1032,87.7,7,247.5,,
2021041297sy8ur5hae6znxqyyb96spd8h,Dover,1.348,51.133,12/04/2021 23:00,2.3,1,1032,90.8,7,247.5,,
?20210413cr533dw57he6znxqyyb96spd8h,Dover,1.348,51.133,13/04/2021,1.7,0.6,1032,92.2,7,270,,
20210413acyroqc56he6znxqyyb96spd8h,Dover,1.348,51.133,13/04/2021 01:00,1.8,0.9,1032,93.5,5.2,247.5,,
20210413rub8dqrhyye6znxqyyb96spd8h,Dover,1.348,51.133,13/04/2021 02:00,2.4,1.6,1032,94.4,6.1,247.5,,
20210413o4bx1rhhbye6znxqyyb96spd8h,Dover,1.348,51.133,13/04/2021 03:00,2.6,1.7,1032,93.6,7,247.5,,
202104137yhdgmwhnye6znxqyyb96spd8h,Dover,1.348,51.133,13/04/2021 04:00,2.3,1.5,1032,94.3,7,270,,
20210413jegg97hhdre6znxqyyb96spd8h,Dover,1.348,51.133,13/04/2021 05:00,1.5,0.4,1032,92.2,7,270,,
20210413bsj743chfee6znxqyyb96spd8h,Dover,1.348,51.133,13/04/2021 06:00,2,-1.3,1033,78.3,7,270,,
20210413p7smyfrhgee6znxqyyb96spd8h,Dover,1.348,51.133,13/04/2021 07:00,5.3,-1,1033,63.1,5.2,292.5,,
202104134rfkiqch8ee6znxqyyb96spd8h,Dover,1.348,51.133,13/04/2021 08:00,6.8,-0.2,1033,60.2,1.7,202.5,,
20210413gmcpdnhhece6znxqyyb96spd8h,Dover,1.348,51.133,13/04/2021 09:00,7.7,-1,1033,53.3,2.6,180,,
2021041311z76jrhjce6znxqyyb96spd8h,Dover,1.348,51.133,13/04/2021 10:00,7.6,-0.3,1033,56.5,4.3,180,,
2021041363uguxhhkce6znxqyyb96spd8h,Dover,1.348,51.133,13/04/2021 11:00,8.3,1.4,1033,61.1,5.2,180,,
20210413myxuw6chmoe6znxqyyb96spd8h,Dover,1.348,51.133,13/04/2021 12:00,9.5,4.8,1033,72,7.8,202.5,,
20210413z84yo9rhcoe6znxqyyb96spd8h,Dover,1.348,51.133,13/04/2021 13:00,9.4,4.2,1033,69.4,8.7,202.5,,
20210413dxgo3nchpwe6znxqyyb96spd8h,Dover,1.348,51.133,13/04/2021 14:00,9.7,3,1032,62.3,8.7,202.5,,
20210413xiiynnchqwe6znxqyyb96spd8h,Dover,1.348,51.133,13/04/2021 15:00,8.1,0.4,1032,57.5,9.6,225,,
202104135h3ukwhhxwe6znxqyyb96spd8h,Dover,1.348,51.133,13/04/2021 16:00,8,-0.9,1032,52.6,8.7,225,,
20210413hshcmbhhxwe6znxqyyb96spd8h,Dover,1.348,51.133,13/04/2021 17:00,7.2,-1.2,1032,54.2,8.7,225,,
20210413ed5c9owhoae6znxqyyb96spd8h,Dover,1.348,51.133,13/04/2021 18:00,7,-1,1032,55.9,11.3,247.5,,
20210413wmx746hhtae6znxqyyb96spd8h,Dover,1.348,51.133,13/04/2021 19:00,6.7,-1.2,1032,56.2,7,247.5,,
20210413yt7h9ewh1he6znxqyyb96spd8h,Dover,1.348,51.133,13/04/2021 20:00,6,-0.7,1032,61.4,7.8,247.5,,
20210413ca97kzhhuhe6znxqyyb96spd8h,Dover,1.348,51.133,13/04/2021 21:00,4.8,-1.4,1032,63.5,7.8,270,,
202104133ycgccchwhe6znxqyyb96spd8h,Dover,1.348,51.133,13/04/2021 22:00,4.4,-0.9,1032,67.9,9.6,292.5,,
20210413f8mrbqchsye6znxqyyb96spd8h,Dover,1.348,51.133,13/04/2021 23:00,3.7,-0.6,1032,73,11.3,292.5,,
?20210414tqgu6khhzye6znxqyyb96spd8h,Dover,1.348,51.133,14/04/2021,2.7,-1.1,1032,75.5,7.8,315,,
202104147izokxrhaye6znxqyyb96spd8h,Dover,1.348,51.133,14/04/2021 01:00,1.8,-2.1,1032,74.7,7,315,,
20210414sd4m6bwh4re6znxqyyb96spd8h,Dover,1.348,51.133,14/04/2021 02:00,1.6,-2.5,1032,73.6,7.8,315,,
20210414nk6j5crh5ee6znxqyyb96spd8h,Dover,1.348,51.133,14/04/2021 03:00,1.4,-2.4,1032,75.3,9.6,337.5,,
20210414qts7zdwhhee6znxqyyb96spd8h,Dover,1.348,51.133,14/04/2021 04:00,1.8,-0.8,1031,82.5,12.2,337.5,,
2021041443ukm7wh7ee6znxqyyb96spd8h,Dover,1.348,51.133,14/04/2021 05:00,3,1.1,1032,87.1,11.3,337.5,,
20210414g93haywh6ce6znxqyyb96spd8h,Dover,1.348,51.133,14/04/2021 06:00,2.9,0.9,1032,86.3,11.3,337.5,,
20210414ug5964hh9ce6znxqyyb96spd8h,Dover,1.348,51.133,14/04/2021 07:00,4.4,2.9,1033,89.8,7.8,337.5,,
202104149p9mugr7yce6znxqyyb96spd8h,Dover,1.348,51.133,14/04/2021 08:00,8.1,4.4,1032,77.1,7.8,22.5,,
20210414mik8ifr7boe6znxqyyb96spd8h,Dover,1.348,51.133,14/04/2021 09:00,8.9,1.9,1032,60.7,9.6,45,,
20210414zhdr6yh7noe6znxqyyb96spd8h,Dover,1.348,51.133,14/04/2021 10:00,9.7,0.6,1033,52.2,9.6,45,,
20210414asskdzh7noe6znxqyyb96spd8h,Dover,1.348,51.133,14/04/2021 11:00,9.4,0.6,1033,53.3,12.2,22.5,,
20210414rdqbnph7dwe6znxqyyb96spd8h,Dover,1.348,51.133,14/04/2021 12:00,9.8,-0.9,1032,46.3,13.9,45,,
20210414oksj6fc7rwe6znxqyyb96spd8h,Dover,1.348,51.133,14/04/2021 13:00,9.5,0.1,1032,51,13,22.5,,
20210414ht7x8gh7fwe6znxqyyb96spd8h,Dover,1.348,51.133,14/04/2021 14:00,9.3,0.1,1032,51.8,13.9,22.5,,
20210414ea3yqbw7gae6znxqyyb96spd8h,Dover,1.348,51.133,14/04/2021 15:00,8.7,0,1032,53.5,13,45,,
20210414iyw3rph78ae6znxqyyb96spd8h,Dover,1.348,51.133,14/04/2021 16:00,8,-0.3,1032,55,13,22.5,,
20210414b8een3c7ehe6znxqyyb96spd8h,Dover,1.348,51.133,14/04/2021 17:00,6.5,0.2,1032,63.4,14.8,45,,
20210414pqpgryc7jhe6znxqyyb96spd8h,Dover,1.348,51.133,14/04/2021 18:00,5,0.3,1032,71,13,45,,
202104143iuipew7khe6znxqyyb96spd8h,Dover,1.348,51.133,14/04/2021 19:00,3.4,0,1032,77.9,11.3,22.5,,
20210414fhsjfzr7cye6znxqyyb96spd8h,Dover,1.348,51.133,14/04/2021 20:00,3.1,0.3,1032,81.4,12.2,22.5,,
202104141dmcngw7pye6znxqyyb96spd8h,Dover,1.348,51.133,14/04/2021 21:00,3.1,-0.2,1032,78.5,12.2,22.5,,
20210414ktk4ksh7xre6znxqyyb96spd8h,Dover,1.348,51.133,14/04/2021 22:00,3.3,0.4,1032,80.9,12.2,22.5,,
20210414sas31cw7ore6znxqyyb96spd8h,Dover,1.348,51.133,14/04/2021 23:00,3.2,0.3,1032,80.9,12.2,22.5,,
?20210415ang3cfw7ore6znxqyyb96spd8h,Dover,1.348,51.133,15/04/2021,2.8,0.4,1032,83.9,11.3,22.5,,
20210415xgz9k7r71ee6znxqyyb96spd8h,Dover,1.348,51.133,15/04/2021 01:00,2.5,0.3,1032,85.2,11.3,22.5,,
202104155qn5ymc7uee6znxqyyb96spd8h,Dover,1.348,51.133,15/04/2021 02:00,3,0.6,1032,83.9,9.6,22.5,,
202104158w5w3bh7wce6znxqyyb96spd8h,Dover,1.348,51.133,15/04/2021 03:00,2.4,0.5,1032,87.1,7,0,,
20210415u54unyh7ice6znxqyyb96spd8h,Dover,1.348,51.133,15/04/2021 04:00,2.6,1.1,1032,89.6,7.8,0,,
20210415ydd8yqw7soe6znxqyyb96spd8h,Dover,1.348,51.133,15/04/2021 05:00,1.4,0.2,1032,91.6,13,45,,
20210415cj5mgew7zoe6znxqyyb96spd8h,Dover,1.348,51.133,15/04/2021 06:00,2.5,1.9,1032,95.8,7,337.5,,
20210415atcsnrr7aoe6znxqyyb96spd8h,Dover,1.348,51.133,15/04/2021 07:00,5.1,4.3,1032,94.4,7.8,0,,
2021041534r76wr7aoe6znxqyyb96spd8h,Dover,1.348,51.133,15/04/2021 08:00,7.4,4.8,1032,83.3,13,0,,
20210415o9c6pnr74we6znxqyyb96spd8h,Dover,1.348,51.133,15/04/2021 10:00,6.8,4.4,1032,84.4,15.6,0,,
202104157gucxkh75we6znxqyyb96spd8h,Dover,1.348,51.133,15/04/2021 11:00,9,5.8,1032,80.1,15.6,0,,
20210415jpxx34h7hae6znxqyyb96spd8h,Dover,1.348,51.133,15/04/2021 12:00,9.7,4.7,1032,70.5,14.8,0,,
20210415iuhfk4c77ae6znxqyyb96spd8h,Dover,1.348,51.133,15/04/2021 13:00,9.2,2.3,1031,61.3,16.5,22.5,,
20210415b5dnsgc76he6znxqyyb96spd8h,Dover,1.348,51.133,15/04/2021 14:00,9.1,3.2,1031,65.9,16.5,45,26.1,
20210415qb9ksqh79he6znxqyyb96spd8h,Dover,1.348,51.133,15/04/2021 15:00,8.2,1.6,1031,62.5,19.1,45,25.2,
202104154jdzdow6yhe6znxqyyb96spd8h,Dover,1.348,51.133,15/04/2021 16:00,7.3,0.8,1031,62.7,18.2,22.5,25.2,
20210415gon6w5w6nye6znxqyyb96spd8h,Dover,1.348,51.133,15/04/2021 17:00,6.2,0.3,1031,65.3,16.5,22.5,,
202104151zfryar6dye6znxqyyb96spd8h,Dover,1.348,51.133,15/04/2021 18:00,5,0.4,1031,71.5,14.8,22.5,,
2021041566q5snr6rye6znxqyyb96spd8h,Dover,1.348,51.133,15/04/2021 19:00,4.7,2,1031,82.3,13,22.5,,
20210415zcpbetw6gre6znxqyyb96spd8h,Dover,1.348,51.133,15/04/2021 20:00,4.6,2,1031,83,13,22.5,,
20210415du5inac68ee6znxqyyb96spd8h,Dover,1.348,51.133,15/04/2021 21:00,3.8,1.5,1031,84.7,13.9,22.5,,
20210415x5j6crw6eee6znxqyyb96spd8h,Dover,1.348,51.133,15/04/2021 22:00,3.7,1.9,1031,87.7,12.2,22.5,,
20210415hncuxar6jee6znxqyyb96spd8h,Dover,1.348,51.133,15/04/2021 23:00,3.6,2,1031,89,11.3,22.5,,
?20210416ejefutc6kce6znxqyyb96spd8h,Dover,1.348,51.133,16/04/2021,3.6,2.5,1031,92.4,11.3,22.5,,
20210416woybrmc6mce6znxqyyb96spd8h,Dover,1.348,51.133,16/04/2021 01:00,2.9,1.7,1030,91.6,9.6,22.5,,
20210416yztmsow6coe6znxqyyb96spd8h,Dover,1.348,51.133,16/04/2021 02:00,2.3,1.3,1030,93.1,7.8,0,,
20210416c687rhr6poe6znxqyyb96spd8h,Dover,1.348,51.133,16/04/2021 03:00,3.3,2.7,1030,95.7,7.8,0,,
202104163fq4ugr6qoe6znxqyyb96spd8h,Dover,1.348,51.133,16/04/2021 04:00,3,2.3,1030,95,7.8,0,,
20210416fc7xwsh6xwe6znxqyyb96spd8h,Dover,1.348,51.133,16/04/2021 05:00,2.4,1.7,1030,95,8.7,0,,
20210416twccb1r6owe6znxqyyb96spd8h,Dover,1.348,51.133,16/04/2021 06:00,2.6,2.1,1030,96.3,8.7,0,,
202104161hb5ujw6owe6znxqyyb96spd8h,Dover,1.348,51.133,16/04/2021 07:00,5.7,5.1,1030,95.9,7.8,0,,
20210416743ayyh6twe6znxqyyb96spd8h,Dover,1.348,51.133,16/04/2021 08:00,8.3,3.8,1030,72.8,12.2,22.5,,
20210416kb7nicc61ae6znxqyyb96spd8h,Dover,1.348,51.133,16/04/2021 09:00,9,2.2,1030,61.8,13,45,,
20210416sep1drr6uae6znxqyyb96spd8h,Dover,1.348,51.133,16/04/2021 10:00,9.7,3,1030,62.4,13.9,45,,
20210416noy9o4r6whe6znxqyyb96spd8h,Dover,1.348,51.133,16/04/2021 11:00,9.6,1,1030,54.3,13,22.5,,
20210416qzffeyc6ihe6znxqyyb96spd8h,Dover,1.348,51.133,16/04/2021 12:00,10.5,1.3,1030,52.1,13.9,22.5,,
2021041649djngh6she6znxqyyb96spd8h,Dover,1.348,51.133,16/04/2021 13:00,10,1.2,1030,53.6,13,22.5,,
202104168fcs57w6aye6znxqyyb96spd8h,Dover,1.348,51.133,16/04/2021 14:00,10.1,2.1,1030,56.8,14.8,22.5,,
20210416uckcu1h63ye6znxqyyb96spd8h,Dover,1.348,51.133,16/04/2021 15:00,9.5,-0.4,1029,49.2,13.9,22.5,,
202104169urp9zh64ye6znxqyyb96spd8h,Dover,1.348,51.133,16/04/2021 16:00,8.2,0.7,1029,58.5,15.6,22.5,,
20210416abuht3c6hre6znxqyyb96spd8h,Dover,1.348,51.133,16/04/2021 17:00,7.8,1.2,1029,62.3,14.8,22.5,,
2021041638wgk9c6hre6znxqyyb96spd8h,Dover,1.348,51.133,16/04/2021 18:00,5.9,1.8,1029,74.5,13.9,22.5,,
20210416oxj33hw66ee6znxqyyb96spd8h,Dover,1.348,51.133,16/04/2021 19:00,4.5,2.4,1029,85.9,12.2,0,,
20210416hs4xxwc69ee6znxqyyb96spd8h,Dover,1.348,51.133,16/04/2021 20:00,3.9,2.7,1030,91.7,9.6,0,,
20210416e77itqh9yce6znxqyyb96spd8h,Dover,1.348,51.133,16/04/2021 21:00,4,3.2,1030,94.5,11.3,0,,
20210416ir3n38r9bce6znxqyyb96spd8h,Dover,1.348,51.133,16/04/2021 22:00,3.3,2.7,1030,95.7,12.2,0,,
20210416bcdn9zr9noe6znxqyyb96spd8h,Dover,1.348,51.133,16/04/2021 23:00,2.7,2.1,1030,95.8,12.2,337.5,,
?20210417p16drnw9doe6znxqyyb96spd8h,Dover,1.348,51.133,17/04/2021,2.3,1.7,1030,95.7,12.2,0,,
20210417qais8ac9doe6znxqyyb96spd8h,Dover,1.348,51.133,17/04/2021 01:00,2,1.5,1029,96.3,12.2,0,,
2021041733hewhh9roe6znxqyyb96spd8h,Dover,1.348,51.133,17/04/2021 02:00,1.6,1.2,1029,97.1,11.3,0,,
20210417gbqgw1c9fwe6znxqyyb96spd8h,Dover,1.348,51.133,17/04/2021 03:00,1.6,1.2,1029,97.1,11.3,0,,
202104171ekmpfc9gwe6znxqyyb96spd8h,Dover,1.348,51.133,17/04/2021 04:00,1.3,1,1029,97.9,11.3,0,,
202104176xj5qbc98we6znxqyyb96spd8h,Dover,1.348,51.133,17/04/2021 05:00,1.1,0.7,1029,97.1,11.3,0,,
20210417kzykdsc9eae6znxqyyb96spd8h,Dover,1.348,51.133,17/04/2021 06:00,2.6,2.4,1029,98.6,11.3,0,,
20210417s7g1n5w9jae6znxqyyb96spd8h,Dover,1.348,51.133,17/04/2021 07:00,4.9,4.6,1029,97.9,9.6,0,,
20210417dryk9yw9khe6znxqyyb96spd8h,Dover,1.348,51.133,17/04/2021 08:00,7.3,5.5,1029,88.2,13.9,0,,
20210417xmtqhsh9mhe6znxqyyb96spd8h,Dover,1.348,51.133,17/04/2021 09:00,8.8,4.6,1029,74.6,13,22.5,,
2021041784bsnqh9qye6znxqyyb96spd8h,Dover,1.348,51.133,17/04/2021 10:00,10.2,5.4,1029,71.6,13,22.5,,
20210417wyiguyh9xye6znxqyyb96spd8h,Dover,1.348,51.133,17/04/2021 11:00,9.9,4.6,1028,69.2,13.9,22.5,,
20210417y8mthsr9ore6znxqyyb96spd8h,Dover,1.348,51.133,17/04/2021 12:00,9.8,3.8,1028,65.7,13.9,22.5,,
20210417cxf15rw9tre6znxqyyb96spd8h,Dover,1.348,51.133,17/04/2021 13:00,10.7,2.2,1028,55,14.8,22.5,,
20210417asf6hzw91re6znxqyyb96spd8h,Dover,1.348,51.133,17/04/2021 14:00,10.9,-1.3,1027,41.9,13.9,22.5,,
20210417r7g6iqc9uee6znxqyyb96spd8h,Dover,1.348,51.133,17/04/2021 15:00,10,-1.5,1027,43.8,15.6,22.5,,
20210417tdzszcc9wee6znxqyyb96spd8h,Dover,1.348,51.133,17/04/2021 16:00,9.3,2,1027,59.7,13.9,22.5,,
202104177kochjc9iee6znxqyyb96spd8h,Dover,1.348,51.133,17/04/2021 17:00,7.8,1.1,1026,61.9,13.9,22.5,,
20210417j13uszh9sce6znxqyyb96spd8h,Dover,1.348,51.133,17/04/2021 18:00,5.9,1.3,1026,71.9,11.3,22.5,,
20210417i3b7uxr9zce6znxqyyb96spd8h,Dover,1.348,51.133,17/04/2021 19:00,4.6,0.9,1026,76.5,11.3,45,,
20210417shh35ah9zce6znxqyyb96spd8h,Dover,1.348,51.133,17/04/2021 20:00,4.3,1.3,1027,80.5,9.6,22.5,,
20210417nyedbkc9aoe6znxqyyb96spd8h,Dover,1.348,51.133,17/04/2021 21:00,3.9,1.3,1027,82.8,8.7,22.5,,
20210417q8mpw9r93oe6znxqyyb96spd8h,Dover,1.348,51.133,17/04/2021 22:00,2.9,0.7,1027,85.1,7.8,337.5,,
202104174qiuiec94oe6znxqyyb96spd8h,Dover,1.348,51.133,17/04/2021 23:00,2.1,0.6,1026,89.6,9.6,0,,
?20210418giwi5uw95we6znxqyyb96spd8h,Dover,1.348,51.133,18/04/2021,1.7,0.6,1026,92.3,9.6,337.5,,
2021041817n1gec9hwe6znxqyyb96spd8h,Dover,1.348,51.133,18/04/2021 01:00,1.8,0.7,1026,92.2,9.6,337.5,,
202104189dafr9r97we6znxqyyb96spd8h,Dover,1.348,51.133,18/04/2021 02:00,1.7,0.7,1025,93.1,11.3,315,,
20210418mkhpk7h96ae6znxqyyb96spd8h,Dover,1.348,51.133,18/04/2021 03:00,1.7,0.5,1025,91.6,11.3,315,,
20210418d3ynpqiyyhe6znxqyyb96spd8h,Dover,1.348,51.133,18/04/2021 04:00,1.5,0.4,1025,92.2,9.6,315,,
20210418x96amspybhe6znxqyyb96spd8h,Dover,1.348,51.133,18/04/2021 05:00,1.5,0.4,1025,92.2,11.3,315,,
20210418h85z64fynhe6znxqyyb96spd8h,Dover,1.348,51.133,18/04/2021 06:00,2.4,1.7,1025,95,9.6,315,,
20210418eqtm1aiyrye6znxqyyb96spd8h,Dover,1.348,51.133,18/04/2021 07:00,5.1,3.3,1025,87.9,7.8,337.5,,
20210418witkzm7yfye6znxqyyb96spd8h,Dover,1.348,51.133,18/04/2021 08:00,7.6,3.7,1025,76,9.6,337.5,,
20210418yhpu48iygre6znxqyyb96spd8h,Dover,1.348,51.133,18/04/2021 09:00,9.7,2.3,1025,59.4,9.6,337.5,,
20210418pdqt7hpy8re6znxqyyb96spd8h,Dover,1.348,51.133,18/04/2021 10:00,10.2,2.8,1025,59.6,9.6,337.5,,
202104183k1n9ypyere6znxqyyb96spd8h,Dover,1.348,51.133,18/04/2021 11:00,11.6,3.6,1024,57.4,7.8,0,,
20210418ftwsmgfyjee6znxqyyb96spd8h,Dover,1.348,51.133,18/04/2021 12:00,12.4,4.2,1024,56.8,8.7,0,,
20210418tapo4k7ykee6znxqyyb96spd8h,Dover,1.348,51.133,18/04/2021 13:00,12.6,1.5,1024,46.1,8.7,0,,
2021041819kn1siykee6znxqyyb96spd8h,Dover,1.348,51.133,18/04/2021 14:00,12.4,3.7,1024,54.8,9.6,22.5,,
2021041879jdpd7ymee6znxqyyb96spd8h,Dover,1.348,51.133,18/04/2021 15:00,11.2,2.3,1024,53.6,7,0,,
20210418kg9bmsiycce6znxqyyb96spd8h,Dover,1.348,51.133,18/04/2021 16:00,9.8,3.5,1023,64.4,8.7,67.5,,
20210418spct7hfypce6znxqyyb96spd8h,Dover,1.348,51.133,18/04/2021 17:00,8.9,3.3,1024,67.5,7,45,,
20210418nw93ee7yqoe6znxqyyb96spd8h,Dover,1.348,51.133,18/04/2021 18:00,6.9,3.7,1024,79.8,6.1,45,,
20210418qhr4akiyxoe6znxqyyb96spd8h,Dover,1.348,51.133,18/04/2021 19:00,4.9,3,1024,87.3,6.1,337.5,,
202104185dfap8pyooe6znxqyyb96spd8h,Dover,1.348,51.133,18/04/2021 20:00,3.4,2.1,1024,91,5.2,337.5,,
202104188j551gpytwe6znxqyyb96spd8h,Dover,1.348,51.133,18/04/2021 21:00,2.9,2.1,1024,94.3,4.3,337.5,,
20210418utm5zriy1we6znxqyyb96spd8h,Dover,1.348,51.133,18/04/2021 22:00,4,3.5,1024,96.6,4.3,337.5,,
202104189akkir7yuwe6znxqyyb96spd8h,Dover,1.348,51.133,18/04/2021 23:00,2.4,1.9,1024,96.4,5.2,0,,
?20210419m9mg1qiywae6znxqyyb96spd8h,Dover,1.348,51.133,19/04/2021,3.4,3.1,1024,97.8,5.2,0,,
20210419rpin6r7yshe6znxqyyb96spd8h,Dover,1.348,51.133,19/04/2021 01:00,4,3.7,1023,97.9,5.2,337.5,,
20210419owxk3k7yzhe6znxqyyb96spd8h,Dover,1.348,51.133,19/04/2021 02:00,3.5,3.2,1023,98,5.2,337.5,,
20210419h58m9cpyahe6znxqyyb96spd8h,Dover,1.348,51.133,19/04/2021 03:00,3.7,3.5,1023,98.6,6.1,0,,
20210419jnea6dpy4ye6znxqyyb96spd8h,Dover,1.348,51.133,19/04/2021 04:00,3.8,3.5,1023,97.9,7,0,,
20210419ija597py5ye6znxqyyb96spd8h,Dover,1.348,51.133,19/04/2021 05:00,3.5,3.2,1022,98,6.1,0,,
20210419btfm5ofyhre6znxqyyb96spd8h,Dover,1.348,51.133,19/04/2021 06:00,4.2,3.9,1022,97.9,6.1,0,,
20210419padf88iy7re6znxqyyb96spd8h,Dover,1.348,51.133,19/04/2021 07:00,5.1,4.7,1022,97.2,5.2,0,,
2021041939ne7hpy6re6znxqyyb96spd8h,Dover,1.348,51.133,19/04/2021 08:00,5.8,4.6,1022,92,5.2,0,,
202104195eyciqfy6re6znxqyyb96spd8h,Dover,1.348,51.133,19/04/2021 09:00,8.4,5.8,1022,83.4,5.2,22.5,,
20210419ggum7piy9ee6znxqyyb96spd8h,Dover,1.348,51.133,19/04/2021 10:00,9.6,6.3,1022,79.7,7.8,90,,
202104191czcexibyee6znxqyyb96spd8h,Dover,1.348,51.133,19/04/2021 11:00,7.3,4.4,1022,81.6,7,112.5,,
202104196wduinibbee6znxqyyb96spd8h,Dover,1.348,51.133,19/04/2021 12:00,8.2,5.4,1021,82.3,7,112.5,,
20210419khmnh1pbnce6znxqyyb96spd8h,Dover,1.348,51.133,19/04/2021 13:00,10.1,6.9,1021,80.2,7,67.5,,
20210419djtnueibroe6znxqyyb96spd8h,Dover,1.348,51.133,19/04/2021 14:00,11.6,6.4,1020,70.1,5.2,45,,
20210419rwipruibroe6znxqyyb96spd8h,Dover,1.348,51.133,19/04/2021 15:00,12.3,5.7,1020,63.7,7,45,,
20210419xo3g6hfbfoe6znxqyyb96spd8h,Dover,1.348,51.133,19/04/2021 16:00,12.2,2.9,1020,52.5,7.8,22.5,,
202104195z43kgibgoe6znxqyyb96spd8h,Dover,1.348,51.133,19/04/2021 17:00,10.6,2.5,1019,56.8,7,45,,
20210419865a3rib8we6znxqyyb96spd8h,Dover,1.348,51.133,19/04/2021 18:00,8.5,2.1,1019,63.7,5.2,0,,
20210419wfrpsnibewe6znxqyyb96spd8h,Dover,1.348,51.133,19/04/2021 19:00,5.5,1.2,1019,73.5,6.1,22.5,,
20210419yctotafbjae6znxqyyb96spd8h,Dover,1.348,51.133,19/04/2021 20:00,3.5,-0.4,1020,75.4,5.2,22.5,,
20210419cu33agpbkae6znxqyyb96spd8h,Dover,1.348,51.133,19/04/2021 21:00,3.4,1.2,1019,85.3,7,22.5,,
20210419a496rspbmae6znxqyyb96spd8h,Dover,1.348,51.133,19/04/2021 22:00,3.6,2.1,1019,89.8,7.8,0,,
20210419tjegitpbphe6znxqyyb96spd8h,Dover,1.348,51.133,19/04/2021 23:00,4,3.1,1019,93.8,8.7,0,,
?202104207onqohpbqhe6znxqyyb96spd8h,Dover,1.348,51.133,20/04/2021,4.5,4,1019,96.4,7.8,0,,
20210420jzjnbqpboye6znxqyyb96spd8h,Dover,1.348,51.133,20/04/2021 01:00,3.5,3.1,1019,97.2,0.9,45,,
20210420i6x8csibtye6znxqyyb96spd8h,Dover,1.348,51.133,20/04/2021 02:00,3.7,3.5,1018,98.6,7,337.5,,
20210420nfkrnz7b1re6znxqyyb96spd8h,Dover,1.348,51.133,20/04/2021 03:00,3.9,3.7,1018,98.5,7,337.5,,
20210420qc6y81fbure6znxqyyb96spd8h,Dover,1.348,51.133,20/04/2021 04:00,3.8,3.7,1018,99.4,8.7,337.5,,
202104204uhjsnibwre6znxqyyb96spd8h,Dover,1.348,51.133,20/04/2021 05:00,3.4,3.2,1018,98.5,7.8,337.5,,
20210420g41nu9fbiee6znxqyyb96spd8h,Dover,1.348,51.133,20/04/2021 06:00,3.9,3.9,1018,100,7.8,337.5,,
20210420ubtymmpbsee6znxqyyb96spd8h,Dover,1.348,51.133,20/04/2021 07:00,5.7,5.6,1018,99.2,5.2,337.5,,
20210420wczyigfbsee6znxqyyb96spd8h,Dover,1.348,51.133,20/04/2021 08:00,6.6,6.5,1018,99.3,4.3,0,,
202104209eikkb7bzee6znxqyyb96spd8h,Dover,1.348,51.133,20/04/2021 09:00,8,8,1018,100,4.3,0,,
20210420mxx913fbace6znxqyyb96spd8h,Dover,1.348,51.133,20/04/2021 10:00,10.5,9.5,1018,93.5,4.3,22.5,,
20210420zs63zjpb3ce6znxqyyb96spd8h,Dover,1.348,51.133,20/04/2021 11:00,11.8,9.3,1018,84.5,4.3,45,,
20210420d73ctapb4oe6znxqyyb96spd8h,Dover,1.348,51.133,20/04/2021 12:00,13.7,9.2,1018,74,7,22.5,,
20210420ora89ypb5oe6znxqyyb96spd8h,Dover,1.348,51.133,20/04/2021 13:00,14.4,8.9,1017,69.2,7,22.5,,
20210420hcukjcfbhoe6znxqyyb96spd8h,Dover,1.348,51.133,20/04/2021 14:00,14.3,8.1,1017,66,7,45,,
20210420w4d55p7b6we6znxqyyb96spd8h,Dover,1.348,51.133,20/04/2021 15:00,13.7,7.9,1017,67.7,6.1,22.5,,
20210420bbfgrppb9ae6znxqyyb96spd8h,Dover,1.348,51.133,20/04/2021 16:00,13.5,7.1,1017,64.9,6.1,22.5,,
20210420npchk9ib9ae6znxqyyb96spd8h,Dover,1.348,51.133,20/04/2021 17:00,12.5,7,1017,68.9,7,45,,
20210420pefp157nyae6znxqyyb96spd8h,Dover,1.348,51.133,20/04/2021 18:00,8.5,5.9,1017,83.6,7.8,0,,
202104203xfjqkinbae6znxqyyb96spd8h,Dover,1.348,51.133,20/04/2021 19:00,5.7,4.4,1017,91.3,8.7,0,,
20210420t7j9s8pndhe6znxqyyb96spd8h,Dover,1.348,51.133,20/04/2021 20:00,4.6,3.9,1017,95.2,8.7,0,,
202104206rbybhpnrhe6znxqyyb96spd8h,Dover,1.348,51.133,20/04/2021 21:00,4.7,4.2,1018,96.6,7.8,22.5,,
20210420kk9i917ngye6znxqyyb96spd8h,Dover,1.348,51.133,20/04/2021 22:00,3.8,3.4,1018,97.3,7.8,45,,
20210420sthbcm7n8ye6znxqyyb96spd8h,Dover,1.348,51.133,20/04/2021 23:00,3.7,3.3,1018,97.2,8.7,0,,
?20210421n3e85p7nere6znxqyyb96spd8h,Dover,1.348,51.133,21/04/2021,3.5,3.2,1018,98,7.8,0,,
20210421xyk45binjre6znxqyyb96spd8h,Dover,1.348,51.133,21/04/2021 01:00,4.1,3.9,1018,98.5,7.8,0,,
2021042158dyssfnkre6znxqyyb96spd8h,Dover,1.348,51.133,21/04/2021 02:00,4.4,4.3,1018,99.3,8.7,0,,
202104218qj3iyinmee6znxqyyb96spd8h,Dover,1.348,51.133,21/04/2021 03:00,3.7,3.5,1018,98.6,12.2,337.5,,
20210421ee7189inmee6znxqyyb96spd8h,Dover,1.348,51.133,21/04/2021 04:00,3,2.9,1018,99.3,13,337.5,,
20210421uij5q1pncee6znxqyyb96spd8h,Dover,1.348,51.133,21/04/2021 05:00,4.2,4.2,1018,100,13,337.5,,
202104219hcbzc7npee6znxqyyb96spd8h,Dover,1.348,51.133,21/04/2021 06:00,6,6,1018,100,12.2,337.5,,
20210421cdz5bmfnqce6znxqyyb96spd8h,Dover,1.348,51.133,21/04/2021 07:00,7.4,7.4,1019,100,13,337.5,,
20210421ak61nrpnxce6znxqyyb96spd8h,Dover,1.348,51.133,21/04/2021 08:00,9.2,9.2,1019,100,13,0,,
20210421rtzdtz7nooe6znxqyyb96spd8h,Dover,1.348,51.133,21/04/2021 09:00,8,7.9,1020,99.3,19.1,0,25.2,
20210421oau5h8pntoe6znxqyyb96spd8h,Dover,1.348,51.133,21/04/2021 10:00,7.3,7.1,1020,98.5,19.1,0,26.1,
2021042169kzkf7n1oe6znxqyyb96spd8h,Dover,1.348,51.133,21/04/2021 11:00,7.4,6.9,1021,96.6,19.1,0,25.2,
20210421j8emgbinuwe6znxqyyb96spd8h,Dover,1.348,51.133,21/04/2021 12:00,7.4,6.6,1021,94.6,14.8,22.5,25.2,
20210421iqo5bdinwwe6znxqyyb96spd8h,Dover,1.348,51.133,21/04/2021 13:00,8.2,5.9,1021,85.3,20,45,26.1,
20210421bi7bzfpniae6znxqyyb96spd8h,Dover,1.348,51.133,21/04/2021 14:00,10.1,6.5,1021,78,19.1,22.5,26.1,
20210421phjjj8insae6znxqyyb96spd8h,Dover,1.348,51.133,21/04/2021 15:00,10.2,5.8,1021,73.8,18.2,22.5,26.1,
202104214dfx1pinzae6znxqyyb96spd8h,Dover,1.348,51.133,21/04/2021 16:00,9,4.5,1021,73.1,20,22.5,27.8,
20210421gk9zagfnahe6znxqyyb96spd8h,Dover,1.348,51.133,21/04/2021 17:00,7.9,3.8,1022,75,19.1,22.5,26.1,
202104211t1dsh7n3he6znxqyyb96spd8h,Dover,1.348,51.133,21/04/2021 18:00,6.4,3.1,1022,79.1,18.2,22.5,26.1,
20210421mywfkopnhye6znxqyyb96spd8h,Dover,1.348,51.133,21/04/2021 19:00,5.7,3.3,1023,84.3,16.5,22.5,25.2,
20210421z8dn14fn7ye6znxqyyb96spd8h,Dover,1.348,51.133,21/04/2021 20:00,5.2,2.5,1023,82.4,19.1,22.5,26.1,
20210421dpwhe8fn6re6znxqyyb96spd8h,Dover,1.348,51.133,21/04/2021 21:00,5,2.1,1023,81.2,19.1,22.5,26.9,
20210421xiu81r7n9re6znxqyyb96spd8h,Dover,1.348,51.133,21/04/2021 22:00,4.9,1.4,1024,77.7,19.1,45,26.9,
202104215hgt76pdyre6znxqyyb96spd8h,Dover,1.348,51.133,21/04/2021 23:00,4.5,1.1,1024,78.3,16.5,45,,
?20210422h6ugg3pdyre6znxqyyb96spd8h,Dover,1.348,51.133,22/04/2021,4.3,1,1024,78.7,16.5,45,,
20210422wkkdubfdnee6znxqyyb96spd8h,Dover,1.348,51.133,22/04/2021 01:00,4.7,1.4,1025,78.9,15.6,45,25.2,
20210422yto6n67ddce6znxqyyb96spd8h,Dover,1.348,51.133,22/04/2021 02:00,4.6,1.3,1025,78.9,15.6,45,,
20210422cae3eafdrce6znxqyyb96spd8h,Dover,1.348,51.133,22/04/2021 03:00,4.5,1,1025,77.7,15.6,45,,
20210422qrias4pdrce6znxqyyb96spd8h,Dover,1.348,51.133,22/04/2021 04:00,4.7,1.2,1025,77.8,13,45,,
20210422a9khnipdfce6znxqyyb96spd8h,Dover,1.348,51.133,22/04/2021 05:00,4.8,1.3,1025,77.7,14.8,67.5,,
20210422fgpj8gidgoe6znxqyyb96spd8h,Dover,1.348,51.133,22/04/2021 06:00,5.2,1.3,1026,75.5,13.9,67.5,,
20210422tqbikuid8oe6znxqyyb96spd8h,Dover,1.348,51.133,22/04/2021 07:00,6.2,1.2,1026,69.9,14.8,67.5,,
202104227im6ntpdeoe6znxqyyb96spd8h,Dover,1.348,51.133,22/04/2021 08:00,8,2.4,1026,67.2,14.8,67.5,,
20210422j5hy59idjwe6znxqyyb96spd8h,Dover,1.348,51.133,22/04/2021 09:00,8.6,2.5,1027,64.9,14.8,67.5,,
20210422sdbgsmpdkwe6znxqyyb96spd8h,Dover,1.348,51.133,22/04/2021 10:00,9.3,2.9,1027,63.7,14.8,67.5,,
20210422nj9m77idmae6znxqyyb96spd8h,Dover,1.348,51.133,22/04/2021 11:00,9.6,2.8,1027,62,16.5,67.5,,
20210422qtbtbo7dcae6znxqyyb96spd8h,Dover,1.348,51.133,22/04/2021 12:00,9.4,2,1027,59.2,18.2,45,26.1,
202104224agcghidpae6znxqyyb96spd8h,Dover,1.348,51.133,22/04/2021 13:00,9.6,2.3,1027,59.8,16.5,45,,
20210422ugk7qpidxhe6znxqyyb96spd8h,Dover,1.348,51.133,22/04/2021 14:00,9.6,2.7,1027,61.5,15.6,67.5,,
202104229pr6pkpdohe6znxqyyb96spd8h,Dover,1.348,51.133,22/04/2021 15:00,9.2,2.5,1027,62.4,14.8,45,,
20210422mwms447d1ye6znxqyyb96spd8h,Dover,1.348,51.133,22/04/2021 16:00,8.4,2.1,1027,64,16.5,45,,
20210422z5b1mt7duye6znxqyyb96spd8h,Dover,1.348,51.133,22/04/2021 17:00,7.4,2,1027,68.2,18.2,45,,
20210422rn64fc7dwre6znxqyyb96spd8h,Dover,1.348,51.133,22/04/2021 18:00,6.1,2.1,1027,75.1,15.6,45,,
20210422fxegch7dwre6znxqyyb96spd8h,Dover,1.348,51.133,22/04/2021 19:00,5,2,1028,80.5,12.2,45,,
20210422okymn8idire6znxqyyb96spd8h,Dover,1.348,51.133,22/04/2021 20:00,4.6,2.2,1028,84.2,13.9,45,,
20210422hou4pepdsre6znxqyyb96spd8h,Dover,1.348,51.133,22/04/2021 21:00,4.5,2.3,1028,85.3,13.9,45,,
20210422ezu766pdzee6znxqyyb96spd8h,Dover,1.348,51.133,22/04/2021 22:00,4.4,2.6,1028,87.8,13,45,,
20210422w6oq9eidaee6znxqyyb96spd8h,Dover,1.348,51.133,22/04/2021 23:00,4.7,2.9,1028,87.9,13,45,,
?20210423bf41uafd3ce6znxqyyb96spd8h,Dover,1.348,51.133,23/04/2021,4.7,3.1,1028,89.2,13,67.5,,
20210423ppypn7fd4ce6znxqyyb96spd8h,Dover,1.348,51.133,23/04/2021 01:00,4.8,3.4,1028,90.5,12.2,67.5,,
202104233u9jtrpd5ce6znxqyyb96spd8h,Dover,1.348,51.133,23/04/2021 02:00,4.9,3.8,1028,92.5,13,67.5,,
20210423f5ymytidhoe6znxqyyb96spd8h,Dover,1.348,51.133,23/04/2021 03:00,5,4.1,1028,93.8,11.3,67.5,,
202104231b565kpd7oe6znxqyyb96spd8h,Dover,1.348,51.133,23/04/2021 04:00,4.9,4,1028,93.9,11.3,67.5,,
20210423komozx7d9we6znxqyyb96spd8h,Dover,1.348,51.133,23/04/2021 05:00,5,3.9,1029,92.4,11.3,67.5,,
20210423szy6agfrywe6znxqyyb96spd8h,Dover,1.348,51.133,23/04/2021 06:00,6.2,4.3,1029,87.4,11.3,90,,
20210423n65wwt7rbae6znxqyyb96spd8h,Dover,1.348,51.133,23/04/2021 07:00,6.9,4.2,1029,82.6,12.2,90,,
20210423xf31cairnae6znxqyyb96spd8h,Dover,1.348,51.133,23/04/2021 08:00,8,4.2,1030,76.6,13.9,90,,
202104235co5rhprdae6znxqyyb96spd8h,Dover,1.348,51.133,23/04/2021 09:00,8.9,3.8,1030,69.9,11.3,90,,
202104238upgsdprrhe6znxqyyb96spd8h,Dover,1.348,51.133,23/04/2021 10:00,10.3,4.7,1030,67.8,12.2,67.5,,
20210423u43hp1prfhe6znxqyyb96spd8h,Dover,1.348,51.133,23/04/2021 11:00,10.5,4,1029,63.5,13.9,67.5,,
20210423ie95zairfhe6znxqyyb96spd8h,Dover,1.348,51.133,23/04/2021 12:00,11.1,3.1,1029,57.2,14.8,45,,
20210423ybx6hypr8ye6znxqyyb96spd8h,Dover,1.348,51.133,23/04/2021 13:00,12.6,4.9,1029,58.8,11.3,45,,
20210423cjrb5k7reye6znxqyyb96spd8h,Dover,1.348,51.133,23/04/2021 14:00,11.7,2.5,1029,52.5,14.8,45,,
20210423ax69k8irjye6znxqyyb96spd8h,Dover,1.348,51.133,23/04/2021 15:00,11.1,1.2,1028,49.8,16.5,45,,
20210423rzokbiirkre6znxqyyb96spd8h,Dover,1.348,51.133,23/04/2021 16:00,10.3,2.7,1028,58.7,16.5,45,,
20210423o6a4n97rmre6znxqyyb96spd8h,Dover,1.348,51.133,23/04/2021 17:00,8.9,3,1028,66,18.2,22.5,,
202104237fppdiprcre6znxqyyb96spd8h,Dover,1.348,51.133,23/04/2021 18:00,7.5,2.9,1027,72.2,16.5,22.5,,
20210423jcemsq7rpee6znxqyyb96spd8h,Dover,1.348,51.133,23/04/2021 19:00,6.9,2.8,1027,74.7,15.6,45,,
20210423iufsfmfrqee6znxqyyb96spd8h,Dover,1.348,51.133,23/04/2021 20:00,6.3,3,1028,79.1,15.6,45,,
20210423b4takgprxce6znxqyyb96spd8h,Dover,1.348,51.133,23/04/2021 21:00,5.9,4,1028,87.4,15.6,22.5,,
202104234e15c6irtce6znxqyyb96spd8h,Dover,1.348,51.133,23/04/2021 22:00,6,4.1,1028,87.4,16.5,45,,
20210423gxeh6wir1oe6znxqyyb96spd8h,Dover,1.348,51.133,23/04/2021 23:00,6.2,4.2,1028,86.9,15.6,45,,
?202104241sjphupruoe6znxqyyb96spd8h,Dover,1.348,51.133,24/04/2021,5.9,4.2,1028,88.6,13,45,,
2021042467ufkdfrwoe6znxqyyb96spd8h,Dover,1.348,51.133,24/04/2021 01:00,6.1,4.6,1027,89.9,13.9,45,,
20210424mr1h6hpriwe6znxqyyb96spd8h,Dover,1.348,51.133,24/04/2021 02:00,6.5,5.1,1027,90.7,13,67.5,,
20210424zm7ei4prswe6znxqyyb96spd8h,Dover,1.348,51.133,24/04/2021 03:00,6.4,5.2,1027,91.9,13,45,,
20210424a5fsde7rswe6znxqyyb96spd8h,Dover,1.348,51.133,24/04/2021 04:00,6.2,5.3,1027,93.9,13.9,67.5,,
20210424d1uywufrzae6znxqyyb96spd8h,Dover,1.348,51.133,24/04/2021 05:00,6.2,5.6,1027,95.9,13,67.5,,
20210424x4frrapraae6znxqyyb96spd8h,Dover,1.348,51.133,24/04/2021 06:00,6.9,5.8,1027,92.7,13,67.5,,
20210424hbc3hspr3ae6znxqyyb96spd8h,Dover,1.348,51.133,24/04/2021 07:00,8.4,4.8,1028,77.7,13,90,,
20210424eexodupr4he6znxqyyb96spd8h,Dover,1.348,51.133,24/04/2021 08:00,9.1,4,1027,70,13,67.5,,
20210424wtyo74ir5he6znxqyyb96spd8h,Dover,1.348,51.133,24/04/2021 09:00,10.1,3.6,1028,63.4,13.9,67.5,,
20210424ysf55sir7ye6znxqyyb96spd8h,Dover,1.348,51.133,24/04/2021 10:00,11.1,4.4,1027,62.9,13.9,67.5,,
20210424ch73twir6ye6znxqyyb96spd8h,Dover,1.348,51.133,24/04/2021 11:00,11.5,3.8,1028,58.5,13.9,45,,
202104243rjppapr9ye6znxqyyb96spd8h,Dover,1.348,51.133,24/04/2021 12:00,12.4,4.3,1027,57.2,15.6,45,,
20210424fmoidqifyre6znxqyyb96spd8h,Dover,1.348,51.133,24/04/2021 13:00,12.6,4,1027,55.2,15.6,45,,
20210424t1p1su7fbre6znxqyyb96spd8h,Dover,1.348,51.133,24/04/2021 14:00,12,4.2,1027,58.3,15.6,45,,
2021042473n1jo7fnre6znxqyyb96spd8h,Dover,1.348,51.133,24/04/2021 15:00,11.6,4.6,1027,61.6,15.6,22.5,,
20210424kyphq1ffdee6znxqyyb96spd8h,Dover,1.348,51.133,24/04/2021 16:00,10.1,4.5,1026,67.7,18.2,22.5,26.1,
20210424s8ex5zpfree6znxqyyb96spd8h,Dover,1.348,51.133,24/04/2021 17:00,9.2,4.8,1026,73.5,18.2,22.5,26.1,
20210424nq1m3p7ffce6znxqyyb96spd8h,Dover,1.348,51.133,24/04/2021 18:00,7.4,5,1026,84.5,19.1,22.5,27.8,
20210424qizjh3ifgce6znxqyyb96spd8h,Dover,1.348,51.133,24/04/2021 19:00,6.1,4.5,1027,89.3,15.6,22.5,25.2,
202104244h6f55ff8ce6znxqyyb96spd8h,Dover,1.348,51.133,24/04/2021 20:00,5.8,4.7,1026,92.5,16.5,22.5,,
20210424ukxixw7fjoe6znxqyyb96spd8h,Dover,1.348,51.133,24/04/2021 21:00,5.8,5,1027,94.5,18.2,22.5,,
202104249t3bo9ifkoe6znxqyyb96spd8h,Dover,1.348,51.133,24/04/2021 22:00,5.8,4.8,1027,93.2,18.2,22.5,25.2,
20210424m3yg8eifmwe6znxqyyb96spd8h,Dover,1.348,51.133,24/04/2021 23:00,5.9,4.4,1027,89.9,16.5,45,26.1,
?20210425ay83hgpfcwe6znxqyyb96spd8h,Dover,1.348,51.133,25/04/2021,5.9,4.5,1027,90.5,15.6,45,,
20210425r8gzjkpfpae6znxqyyb96spd8h,Dover,1.348,51.133,25/04/2021 01:00,5.9,4.2,1027,88.6,16.5,45,,
20210425oqjgzjifqae6znxqyyb96spd8h,Dover,1.348,51.133,25/04/2021 02:00,5.7,3.9,1027,88,14.8,45,,
20210425hizrm4ifxae6znxqyyb96spd8h,Dover,1.348,51.133,25/04/2021 03:00,5.6,3.9,1027,88.6,16.5,45,26.1,
202104256n9mw9ifxae6znxqyyb96spd8h,Dover,1.348,51.133,25/04/2021 04:00,5.5,2.8,1027,82.5,20,67.5,27.8,
20210425eht1ef7fohe6znxqyyb96spd8h,Dover,1.348,51.133,25/04/2021 05:00,6.2,3.2,1027,80.8,14.8,45,26.9,
20210425idm8u17fthe6znxqyyb96spd8h,Dover,1.348,51.133,25/04/2021 06:00,6.6,2.6,1027,75.2,20,67.5,27.8,
20210425bkoudrifuye6znxqyyb96spd8h,Dover,1.348,51.133,25/04/2021 07:00,6.8,2.6,1028,74.2,16.5,45,26.9,
20210425p1tbmwpfwye6znxqyyb96spd8h,Dover,1.348,51.133,25/04/2021 08:00,7.4,2.4,1028,70,20.9,45,27.8,
2021042533guh7pfiye6znxqyyb96spd8h,Dover,1.348,51.133,25/04/2021 09:00,7.8,2.1,1028,66.7,20,45,26.9,
20210425f9ocp97fsre6znxqyyb96spd8h,Dover,1.348,51.133,25/04/2021 10:00,9.1,2.5,1028,62.7,21.7,45,28.7,
2021042518mdropfzre6znxqyyb96spd8h,Dover,1.348,51.133,25/04/2021 11:00,9.8,3.1,1028,62.5,21.7,45,29.5,
202104256p9cfy7fare6znxqyyb96spd8h,Dover,1.348,51.133,25/04/2021 12:00,9.9,2.5,1028,59.3,20.9,45,33,
20210425ki8ome7f3ee6znxqyyb96spd8h,Dover,1.348,51.133,25/04/2021 13:00,10,2.9,1028,60.7,21.7,45,31.3,
20210425shrsfe7f4ee6znxqyyb96spd8h,Dover,1.348,51.133,25/04/2021 14:00,9.9,2.9,1028,61.1,20.9,45,28.7,
20210425dds96kif5ce6znxqyyb96spd8h,Dover,1.348,51.133,25/04/2021 15:00,9.4,2.8,1027,62.8,20,45,27.8,
20210425xkfjsuifhce6znxqyyb96spd8h,Dover,1.348,51.133,25/04/2021 16:00,8.2,2.9,1027,68.8,20,22.5,27.8,
202104255traopif7ce6znxqyyb96spd8h,Dover,1.348,51.133,25/04/2021 17:00,7.4,3.3,1026,74.9,20.9,45,28.7,
202104258a4gp9if6oe6znxqyyb96spd8h,Dover,1.348,51.133,25/04/2021 18:00,7,2.8,1025,74.3,20.9,22.5,32.2,
20210425u9gs4q7f9oe6znxqyyb96spd8h,Dover,1.348,51.133,25/04/2021 19:00,5.2,0.8,1026,72.9,19.1,22.5,28.7,
20210425ygat7x7gywe6znxqyyb96spd8h,Dover,1.348,51.133,25/04/2021 20:00,5.2,0.8,1026,72.9,21.7,22.5,28.7,
20210425cp5ff8fgbwe6znxqyyb96spd8h,Dover,1.348,51.133,25/04/2021 21:00,5,1.3,1026,76.6,19.1,22.5,27.8,
20210425au6bzu7gnwe6znxqyyb96spd8h,Dover,1.348,51.133,25/04/2021 22:00,4.5,1.4,1026,79.8,18.2,22.5,25.2,
20210425r5gx5n7gdae6znxqyyb96spd8h,Dover,1.348,51.133,25/04/2021 23:00,4.4,1.5,1025,81.1,16.5,45,26.9,
?20210426tnd64h7grae6znxqyyb96spd8h,Dover,1.348,51.133,26/04/2021,4.7,1.9,1025,81.9,19.1,45,25.2,
20210426joqsb7pgghe6znxqyyb96spd8h,Dover,1.348,51.133,26/04/2021 01:00,4.7,1.9,1024,81.9,15.6,45,,
20210426izmiozfg8he6znxqyyb96spd8h,Dover,1.348,51.133,26/04/2021 02:00,5.1,2.2,1024,81.2,16.5,45,,
20210426b6pq1nfgjye6znxqyyb96spd8h,Dover,1.348,51.133,26/04/2021 03:00,4.9,1.8,1024,80,14.8,45,,
20210426qf7smnpgkye6znxqyyb96spd8h,Dover,1.348,51.133,26/04/2021 04:00,5.1,2,1023,80,16.5,45,,
202104264cug6p7gmye6znxqyyb96spd8h,Dover,1.348,51.133,26/04/2021 05:00,5.2,1.8,1023,78.3,15.6,45,,
202104265kwbizpgmye6znxqyyb96spd8h,Dover,1.348,51.133,26/04/2021 06:00,5.4,2.1,1023,78.9,14.8,45,,
20210426gu1cmjfgcre6znxqyyb96spd8h,Dover,1.348,51.133,26/04/2021 07:00,5.8,2.1,1022,76.8,13.9,45,,
2021042614hgsd7gpre6znxqyyb96spd8h,Dover,1.348,51.133,26/04/2021 08:00,6.4,1.9,1022,72.6,14.8,45,,
202104269nrjw17gqre6znxqyyb96spd8h,Dover,1.348,51.133,26/04/2021 09:00,9.3,2.6,1022,62.5,16.5,45,,
20210426mehrysigxee6znxqyyb96spd8h,Dover,1.348,51.133,26/04/2021 10:00,9.8,2.3,1021,59.1,16.5,45,,
20210426zoqicnfgoee6znxqyyb96spd8h,Dover,1.348,51.133,26/04/2021 11:00,10.3,3.4,1021,61.8,16.5,45,,
20210426dzcxhhpgtce6znxqyyb96spd8h,Dover,1.348,51.133,26/04/2021 12:00,10.7,3.3,1020,59.8,16.5,22.5,25.2,
20210426x6ncp8fg1ce6znxqyyb96spd8h,Dover,1.348,51.133,26/04/2021 13:00,10.3,2.6,1019,58.3,18.2,22.5,27.8,
20210426hfen8g7guce6znxqyyb96spd8h,Dover,1.348,51.133,26/04/2021 14:00,10.1,2.8,1019,60.1,20,22.5,27.8,
20210426ecf44o7gwoe6znxqyyb96spd8h,Dover,1.348,51.133,26/04/2021 15:00,9.3,2.9,1018,63.9,20,45,27.8,
20210426wuaqsd7gioe6znxqyyb96spd8h,Dover,1.348,51.133,26/04/2021 16:00,9.1,3.4,1017,67.1,19.1,22.5,26.9,
20210426y5td7rfgswe6znxqyyb96spd8h,Dover,1.348,51.133,26/04/2021 17:00,7.3,1.8,1017,67.7,20.9,22.5,26.9,
202104263e3o1gfgawe6znxqyyb96spd8h,Dover,1.348,51.133,26/04/2021 18:00,6.2,1.8,1016,73.2,16.5,22.5,26.1,
2021042643da1rfgawe6znxqyyb96spd8h,Dover,1.348,51.133,26/04/2021 19:00,5,2.2,1016,81.8,15.6,22.5,,
20210426fxhur9ig3ae6znxqyyb96spd8h,Dover,1.348,51.133,26/04/2021 20:00,4.1,2.3,1016,88,14.8,0,,
2021042676t8ftpg5ae6znxqyyb96spd8h,Dover,1.348,51.133,26/04/2021 21:00,3.8,2.4,1016,90.5,13.9,0,,
20210426kf1ojwpghhe6znxqyyb96spd8h,Dover,1.348,51.133,26/04/2021 22:00,3.7,2.7,1015,93.1,13,22.5,,
20210426sccum6pg7he6znxqyyb96spd8h,Dover,1.348,51.133,26/04/2021 23:00,4,3.2,1015,94.5,13,22.5,,
?20210427zamfi77g7he6znxqyyb96spd8h,Dover,1.348,51.133,27/04/2021,4.2,3.7,1014,96.5,12.2,22.5,,
20210427q4o3qkp8yye6znxqyyb96spd8h,Dover,1.348,51.133,27/04/2021 01:00,3.7,3.2,1014,96.5,8.7,22.5,,
202104275bossip8bye6znxqyyb96spd8h,Dover,1.348,51.133,27/04/2021 02:00,3.3,2.8,1013,96.5,9.6,22.5,,
20210427humxok78bye6znxqyyb96spd8h,Dover,1.348,51.133,27/04/2021 03:00,3,2.6,1013,97.1,8.7,0,,
202104278euffsi8nre6znxqyyb96spd8h,Dover,1.348,51.133,27/04/2021 04:00,2.8,2.5,1012,97.9,7.8,22.5,,
20210427ux34jrf8dre6znxqyyb96spd8h,Dover,1.348,51.133,27/04/2021 05:00,2.3,2,1012,97.9,7.8,0,,
202104279sif7c78rre6znxqyyb96spd8h,Dover,1.348,51.133,27/04/2021 06:00,4.1,4,1012,99.4,7.8,0,,
20210427m6gooop8fee6znxqyyb96spd8h,Dover,1.348,51.133,27/04/2021 07:00,7.5,7.3,1011,98.6,6.1,0,,
20210427ara5bfi8gee6znxqyyb96spd8h,Dover,1.348,51.133,27/04/2021 08:00,10,6.7,1011,79.8,7.8,22.5,,
20210427rm5i1kp88ce6znxqyyb96spd8h,Dover,1.348,51.133,27/04/2021 09:00,11.1,5.3,1011,67.2,6.1,45,,
20210427ouyt1r78ece6znxqyyb96spd8h,Dover,1.348,51.133,27/04/2021 10:00,11.9,6.3,1010,68.3,7,67.5,,
20210427h4qshqi8jce6znxqyyb96spd8h,Dover,1.348,51.133,27/04/2021 11:00,13.5,6.1,1010,60.7,6.1,45,,
20210427jbbusif8koe6znxqyyb96spd8h,Dover,1.348,51.133,27/04/2021 12:00,13,5.6,1009,60.6,7.8,67.5,,
20210427sbuxdpi8moe6znxqyyb96spd8h,Dover,1.348,51.133,27/04/2021 13:00,12.3,4.9,1009,60.4,8.7,67.5,,
20210427nemyrmi8cwe6znxqyyb96spd8h,Dover,1.348,51.133,27/04/2021 14:00,12.8,4.6,1009,57.2,8.7,45,,
20210427ps6n1mi8pwe6znxqyyb96spd8h,Dover,1.348,51.133,27/04/2021 15:00,13.4,2.9,1008,48.8,8.7,45,,
2021042737astr78qwe6znxqyyb96spd8h,Dover,1.348,51.133,27/04/2021 16:00,11.2,0.8,1008,48.4,11.3,45,,
20210427gr5raop8xae6znxqyyb96spd8h,Dover,1.348,51.133,27/04/2021 17:00,10.4,1,1007,51.9,11.3,45,,
202104271cgsakf8oae6znxqyyb96spd8h,Dover,1.348,51.133,27/04/2021 18:00,8.3,0.4,1007,57.3,11.3,45,,
202104279miu8e78tae6znxqyyb96spd8h,Dover,1.348,51.133,27/04/2021 19:00,7.1,2.3,1007,71.4,11.3,45,,
20210427munzfwp81he6znxqyyb96spd8h,Dover,1.348,51.133,27/04/2021 20:00,5.3,3.3,1007,86.9,12.2,22.5,,
20210427zyhme8p8uhe6znxqyyb96spd8h,Dover,1.348,51.133,27/04/2021 21:00,5,3.4,1007,89.3,11.3,22.5,,
20210427rbi6n878iye6znxqyyb96spd8h,Dover,1.348,51.133,27/04/2021 22:00,4.9,3.9,1007,93.2,11.3,22.5,,
20210427xq9rycf8sye6znxqyyb96spd8h,Dover,1.348,51.133,27/04/2021 23:00,4.6,3.8,1007,94.6,11.3,0,,
?202104285syamd78zye6znxqyyb96spd8h,Dover,1.348,51.133,28/04/2021,4.4,3.7,1006,95.2,11.3,0,,
2021042887gjc478are6znxqyyb96spd8h,Dover,1.348,51.133,28/04/2021 01:00,3.9,3.3,1006,95.8,11.3,337.5,,
20210428wd7phtp83re6znxqyyb96spd8h,Dover,1.348,51.133,28/04/2021 02:00,4.3,3.9,1005,97.2,11.3,337.5,,
20210428c15ycn785ee6znxqyyb96spd8h,Dover,1.348,51.133,28/04/2021 03:00,5.1,4.6,1005,96.6,11.3,337.5,,
20210428a3ezocp8hee6znxqyyb96spd8h,Dover,1.348,51.133,28/04/2021 04:00,4.9,4.4,1004,96.7,8.7,337.5,,
20210428fyjonuf87ce6znxqyyb96spd8h,Dover,1.348,51.133,28/04/2021 05:00,5.4,4.9,1004,96.7,9.6,0,,
20210428t8keik786ce6znxqyyb96spd8h,Dover,1.348,51.133,28/04/2021 06:00,6.7,5.5,1004,92,13,45,,
202104287x118xf89ce6znxqyyb96spd8h,Dover,1.348,51.133,28/04/2021 07:00,8.9,5.5,1004,79.1,13.9,67.5,,
20210428jsor8g7eyoe6znxqyyb96spd8h,Dover,1.348,51.133,28/04/2021 08:00,9.1,5.6,1004,78.6,13.9,67.5,,
20210428ih634ypeboe6znxqyyb96spd8h,Dover,1.348,51.133,28/04/2021 09:00,10.5,5.5,1004,71.1,15.6,45,,
20210428zkeq3mfeboe6znxqyyb96spd8h,Dover,1.348,51.133,28/04/2021 10:00,9.8,4.7,1004,70.5,18.2,22.5,,
20210428ndua6ffenwe6znxqyyb96spd8h,Dover,1.348,51.133,28/04/2021 11:00,11.5,7.1,1004,74.3,15.6,22.5,,
20210428qk63b3iedwe6znxqyyb96spd8h,Dover,1.348,51.133,28/04/2021 12:00,10.6,4.8,1004,67.2,19.1,22.5,25.2,
202104284t5xyhferwe6znxqyyb96spd8h,Dover,1.348,51.133,28/04/2021 13:00,10.3,4.8,1005,68.6,16.5,22.5,26.1,
20210428g3x349pefae6znxqyyb96spd8h,Dover,1.348,51.133,28/04/2021 14:00,10.2,4.9,1004,69.5,18.2,22.5,,
20210428uydb76iegae6znxqyyb96spd8h,Dover,1.348,51.133,28/04/2021 15:00,9.9,4.9,1004,71,16.5,0,,
2021042898r3i3fe8ae6znxqyyb96spd8h,Dover,1.348,51.133,28/04/2021 16:00,9.3,5.1,1005,74.9,13.9,0,,
20210428mqg4twpeehe6znxqyyb96spd8h,Dover,1.348,51.133,28/04/2021 17:00,9.6,5.2,1004,73.9,16.5,0,,
20210428zijumgiejhe6znxqyyb96spd8h,Dover,1.348,51.133,28/04/2021 18:00,7.8,5.1,1004,83,19.1,0,26.9,
20210428dhtcse7emye6znxqyyb96spd8h,Dover,1.348,51.133,28/04/2021 19:00,7.1,4.8,1004,85.2,18.2,0,27.8,
20210428od8m3hpecye6znxqyyb96spd8h,Dover,1.348,51.133,28/04/2021 20:00,6.6,4.6,1004,87,18.2,0,26.1,
20210428hmg47ppepye6znxqyyb96spd8h,Dover,1.348,51.133,28/04/2021 21:00,6.1,4.4,1005,88.7,16.5,0,26.1,
20210428etqs9apeqre6znxqyyb96spd8h,Dover,1.348,51.133,28/04/2021 22:00,5.9,4.5,1005,90.7,18.2,0,25.2,
20210428wawzeqfexre6znxqyyb96spd8h,Dover,1.348,51.133,28/04/2021 23:00,6.3,4.7,1005,89.4,18.2,337.5,26.1,
?20210429y9wprtieoee6znxqyyb96spd8h,Dover,1.348,51.133,29/04/2021,6.3,4.4,1005,87.5,20,337.5,29.5,
20210429pg1mfp7etee6znxqyyb96spd8h,Dover,1.348,51.133,29/04/2021 01:00,6.3,4,1005,85.1,19.1,337.5,28.7,
202104293p7jbpfe1ee6znxqyyb96spd8h,Dover,1.348,51.133,29/04/2021 02:00,5.8,3.6,1005,85.8,19.1,337.5,27.8,
20210429fi8jfj7euce6znxqyyb96spd8h,Dover,1.348,51.133,29/04/2021 03:00,5.6,3.4,1006,85.6,15.6,337.5,25.2,
20210429t541mqfewce6znxqyyb96spd8h,Dover,1.348,51.133,29/04/2021 04:00,5.6,3.1,1006,83.8,15.6,337.5,25.2,
20210429kkf9stpesoe6znxqyyb96spd8h,Dover,1.348,51.133,29/04/2021 05:00,5.1,2.8,1007,85,14.8,337.5,,
20210429stn5dwfezoe6znxqyyb96spd8h,Dover,1.348,51.133,29/04/2021 06:00,5.8,3.2,1007,83.3,12.2,337.5,,
20210429dtuqi6ieawe6znxqyyb96spd8h,Dover,1.348,51.133,29/04/2021 07:00,6.5,2.6,1008,76,13,337.5,,
20210429q9gw95fe3we6znxqyyb96spd8h,Dover,1.348,51.133,29/04/2021 08:00,8.5,3.5,1008,70.6,13,337.5,,
202104295grpxhie4we6znxqyyb96spd8h,Dover,1.348,51.133,29/04/2021 09:00,8.8,2.4,1009,64,13.9,337.5,,
202104298p1j9ppe5ae6znxqyyb96spd8h,Dover,1.348,51.133,29/04/2021 10:00,12,2.8,1009,53,11.3,0,,
20210429uirxmzfehae6znxqyyb96spd8h,Dover,1.348,51.133,29/04/2021 11:00,9.9,0.7,1010,52.5,7.8,315,,
2021042995o6amfe7ae6znxqyyb96spd8h,Dover,1.348,51.133,29/04/2021 12:00,13.1,1.6,1010,45.2,8.7,337.5,,
20210429cn3n1jie6he6znxqyyb96spd8h,Dover,1.348,51.133,29/04/2021 13:00,10.2,-0.8,1011,46,7,337.5,,
20210429aju5r87e9he6znxqyyb96spd8h,Dover,1.348,51.133,29/04/2021 14:00,7.9,1.5,1011,63.7,4.3,157.5,,
20210429ro64ydijbye6znxqyyb96spd8h,Dover,1.348,51.133,29/04/2021 15:00,7.4,2,1011,68.4,5.2,225,,
20210429fh7uyb7jbye6znxqyyb96spd8h,Dover,1.348,51.133,29/04/2021 16:00,7.8,3,1012,71.4,6.1,225,,
20210429oz3no3pjnye6znxqyyb96spd8h,Dover,1.348,51.133,29/04/2021 17:00,8.1,3.6,1012,73.1,7,225,,
20210429h67p7d7jdye6znxqyyb96spd8h,Dover,1.348,51.133,29/04/2021 18:00,7.3,3.2,1012,75.1,7.8,247.5,,
20210429jgyt1o7jrre6znxqyyb96spd8h,Dover,1.348,51.133,29/04/2021 19:00,6.9,3,1012,76.1,4.3,247.5,,
20210429sf4uze7jfre6znxqyyb96spd8h,Dover,1.348,51.133,29/04/2021 20:00,6.8,2.9,1013,76,5.2,270,,
20210429bu36piijgee6znxqyyb96spd8h,Dover,1.348,51.133,29/04/2021 21:00,5.1,2,1013,80.1,5.2,270,,
20210429p5qwbd7j8ee6znxqyyb96spd8h,Dover,1.348,51.133,29/04/2021 22:00,4.7,1.5,1013,79.6,6.1,270,,
202104294nbmzfijeee6znxqyyb96spd8h,Dover,1.348,51.133,29/04/2021 23:00,4.6,0.7,1014,75.6,7.8,315,,
?20210430gjc3koijjce6znxqyyb96spd8h,Dover,1.348,51.133,30/04/2021,3.7,0.4,1013,78.9,9.6,315,,
202104301o8zbiijkce6znxqyyb96spd8h,Dover,1.348,51.133,30/04/2021 01:00,3,0.5,1014,83.5,8.7,337.5,,
202104306zbt5dfjmce6znxqyyb96spd8h,Dover,1.348,51.133,30/04/2021 02:00,2.8,1.5,1014,91,7.8,337.5,,
20210430k64oqcfjcoe6znxqyyb96spd8h,Dover,1.348,51.133,30/04/2021 03:00,2.9,1.8,1014,92.3,9.6,337.5,,
20210430zfsojipjpoe6znxqyyb96spd8h,Dover,1.348,51.133,30/04/2021 04:00,2.6,1.4,1014,91.7,8.7,337.5,,
20210430dcb99dijqwe6znxqyyb96spd8h,Dover,1.348,51.133,30/04/2021 05:00,3,2.2,1014,94.3,9.6,337.5,,
20210430xu65pr7jxwe6znxqyyb96spd8h,Dover,1.348,51.133,30/04/2021 06:00,4.8,4.1,1014,95.2,7.8,337.5,,
2021043055nc1pijowe6znxqyyb96spd8h,Dover,1.348,51.133,30/04/2021 07:00,7.6,5.2,1014,84.6,7,337.5,,
20210430e4pj797jtae6znxqyyb96spd8h,Dover,1.348,51.133,30/04/2021 08:00,8.3,4.3,1014,75.7,7.8,315,,
20210430wesuj9ij1ae6znxqyyb96spd8h,Dover,1.348,51.133,30/04/2021 09:00,9.9,4.3,1014,67.9,6.1,337.5,,
20210430yobrtq7juhe6znxqyyb96spd8h,Dover,1.348,51.133,30/04/2021 10:00,10.3,2.5,1014,58.1,6.1,0,,
20210430a6mbnqfjihe6znxqyyb96spd8h,Dover,1.348,51.133,30/04/2021 11:00,9.8,3.9,1014,66.4,9.6,67.5,,
202104304mnz6hijihe6znxqyyb96spd8h,Dover,1.348,51.133,30/04/2021 12:00,8.4,3.9,1014,73,7.8,67.5,,
20210430tcd93j7jaye6znxqyyb96spd8h,Dover,1.348,51.133,30/04/2021 13:00,8.9,5.2,1014,77.4,8.7,90,,
20210430714eompj3ye6znxqyyb96spd8h,Dover,1.348,51.133,30/04/2021 14:00,9.6,5.4,1014,74.8,8.7,90,,
20210430j4yk6opj4re6znxqyyb96spd8h,Dover,1.348,51.133,30/04/2021 15:00,9.6,4.9,1014,72.2,7.8,90,,
20210430sbcmwmfj5re6znxqyyb96spd8h,Dover,1.348,51.133,30/04/2021 16:00,7.4,3.8,1014,77.8,1.7,180,,
20210430zq8i1ppj5re6znxqyyb96spd8h,Dover,1.348,51.133,30/04/2021 17:00,7.6,1.2,1014,63.5,7,337.5,,
20210430neciaqpjhee6znxqyyb96spd8h,Dover,1.348,51.133,30/04/2021 18:00,8.1,1.4,1014,62.3,1.7,180,,
20210430qx86nxpj7ee6znxqyyb96spd8h,Dover,1.348,51.133,30/04/2021 19:00,6.4,3.8,1014,83.3,2.6,90,,
202104304spt7gfj6ee6znxqyyb96spd8h,Dover,1.348,51.133,30/04/2021 20:00,5.4,3.3,1015,86.2,1.7,202.5,,
20210430g7ci4o7j9ce6znxqyyb96spd8h,Dover,1.348,51.133,30/04/2021 21:00,5.5,3.8,1015,88.7,2.6,225,,
20210430ureurr7kyce6znxqyyb96spd8h,Dover,1.348,51.133,30/04/2021 22:00,3.8,2.6,1015,91.8,0,0,,
202104309mepf4ikbce6znxqyyb96spd8h,Dover,1.348,51.133,30/04/2021 23:00,3,2.2,1016,94.3,0.9,157.5,,
?20210501m1pkbffknoe6znxqyyb96spd8h,Dover,1.348,51.133,01/05/2021,4.3,3.8,1015,96.5,0.9,180,,
20210501z3pn55ikdoe6znxqyyb96spd8h,Dover,1.348,51.133,01/05/2021 01:00,4,3.3,1015,95.2,1.7,202.5,,
20210501o8zkcspkfwe6znxqyyb96spd8h,Dover,1.348,51.133,01/05/2021 02:00,3.7,3.2,1015,96.5,4.3,247.5,,
20210501teoqzjfkfwe6znxqyyb96spd8h,Dover,1.348,51.133,01/05/2021 03:00,2.8,2,1015,94.5,7,292.5,,
20210501hqhc9gfkgwe6znxqyyb96spd8h,Dover,1.348,51.133,01/05/2021 04:00,2.6,1.3,1015,91,6.1,292.5,,
20210501whajcnikeae6znxqyyb96spd8h,Dover,1.348,51.133,01/05/2021 05:00,3.3,2.3,1015,93.2,7.8,292.5,,
20210501iadpd17keae6znxqyyb96spd8h,Dover,1.348,51.133,01/05/2021 06:00,4.5,3.7,1015,94.4,7.8,337.5,,
20210501pk7sprpkkhe6znxqyyb96spd8h,Dover,1.348,51.133,01/05/2021 07:00,7.3,6.1,1015,92,7.8,0,,
2021050131b61q7kmhe6znxqyyb96spd8h,Dover,1.348,51.133,01/05/2021 08:00,10.1,5.5,1015,72.8,8.7,0,,
202105014xw1j7fkmhe6znxqyyb96spd8h,Dover,1.348,51.133,01/05/2021 09:00,10.4,2.9,1015,59.4,6.1,0,,
202105011yrh3epkqye6znxqyyb96spd8h,Dover,1.348,51.133,01/05/2021 10:00,12,4.2,1015,58.5,6.1,0,,
2021050168j7ex7kxye6znxqyyb96spd8h,Dover,1.348,51.133,01/05/2021 11:00,13.4,3.6,1015,51.1,7.8,0,,
20210501kqcxd9pkore6znxqyyb96spd8h,Dover,1.348,51.133,01/05/2021 12:00,13.7,1.8,1015,44,7.8,337.5,,
20210501simfqkpktre6znxqyyb96spd8h,Dover,1.348,51.133,01/05/2021 13:00,10.3,3.5,1015,62.4,6.1,0,,
20210501nhpxeppk1ee6znxqyyb96spd8h,Dover,1.348,51.133,01/05/2021 14:00,10.6,3.9,1015,62.9,6.1,45,,
20210501xdog5gikuee6znxqyyb96spd8h,Dover,1.348,51.133,01/05/2021 15:00,9.1,4.3,1015,71.7,4.3,157.5,,
20210501x9hizqikuee6znxqyyb96spd8h,Dover,1.348,51.133,01/05/2021 16:00,8.1,3.5,1015,72.5,6.1,202.5,,
202105015kuohdpkwee6znxqyyb96spd8h,Dover,1.348,51.133,01/05/2021 17:00,8,2.8,1015,69.4,4.3,202.5,,
2021050181rm1nikice6znxqyyb96spd8h,Dover,1.348,51.133,01/05/2021 18:00,7.8,4,1016,76.6,1.7,90,,
20210501u3nbg3iksce6znxqyyb96spd8h,Dover,1.348,51.133,01/05/2021 19:00,5.7,2.5,1016,79.7,6.1,22.5,,
202105019937faikzce6znxqyyb96spd8h,Dover,1.348,51.133,01/05/2021 20:00,4,2.4,1017,89.2,7,0,,
20210501c8bkzjikaoe6znxqyyb96spd8h,Dover,1.348,51.133,01/05/2021 21:00,3.5,2.4,1017,92.4,7,337.5,,
20210501rifwo7ik4we6znxqyyb96spd8h,Dover,1.348,51.133,01/05/2021 22:00,3.9,3.1,1018,94.3,7.8,315,,
20210501ohgrna7k5we6znxqyyb96spd8h,Dover,1.348,51.133,01/05/2021 23:00,3.4,2.4,1018,93.1,7,315,,
?202105027dcgyzikhwe6znxqyyb96spd8h,Dover,1.348,51.133,02/05/2021,3.4,2.4,1018,93.1,7,315,,
20210502jkcw1iik7ae6znxqyyb96spd8h,Dover,1.348,51.133,02/05/2021 01:00,2.8,1.9,1018,93.7,7.8,337.5,,
20210502ittwr77k6ae6znxqyyb96spd8h,Dover,1.348,51.133,02/05/2021 02:00,3.2,2.6,1018,95.8,7.8,315,,
20210502softnh7k6ae6znxqyyb96spd8h,Dover,1.348,51.133,02/05/2021 03:00,3.2,2.5,1019,95.1,7.8,315,,
20210502p95ohwimyhe6znxqyyb96spd8h,Dover,1.348,51.133,02/05/2021 04:00,2.8,2.2,1019,95.9,8.7,337.5,,
20210502q71ijc7myhe6znxqyyb96spd8h,Dover,1.348,51.133,02/05/2021 05:00,2.8,2.4,1019,97.2,9.6,315,,
202105024g7h9kimbhe6znxqyyb96spd8h,Dover,1.348,51.133,02/05/2021 06:00,4.8,4.5,1020,98,7.8,315,,
20210502gpqzzwpmdye6znxqyyb96spd8h,Dover,1.348,51.133,02/05/2021 07:00,6.9,6.1,1020,94.6,6.1,337.5,,
2021050265sdrupmfye6znxqyyb96spd8h,Dover,1.348,51.133,02/05/2021 08:00,9.4,5.2,1020,74.7,7,337.5,,
20210502mn6c15imgre6znxqyyb96spd8h,Dover,1.348,51.133,02/05/2021 09:00,9.3,3,1021,64.2,4.3,315,,
20210502zjhyespm8re6znxqyyb96spd8h,Dover,1.348,51.133,02/05/2021 10:00,8.2,3.2,1021,70.3,5.2,90,,
20210502dtrmnnfmeee6znxqyyb96spd8h,Dover,1.348,51.133,02/05/2021 11:00,7.6,3.9,1021,77.1,4.3,135,,
20210502rpt7gd7meee6znxqyyb96spd8h,Dover,1.348,51.133,02/05/2021 12:00,9.1,4.5,1021,72.6,5.2,157.5,,
20210502xzh57dimjee6znxqyyb96spd8h,Dover,1.348,51.133,02/05/2021 13:00,8,4.5,1021,78.3,5.2,157.5,,
2021050259jaxqpmkee6znxqyyb96spd8h,Dover,1.348,51.133,02/05/2021 14:00,7.3,4.1,1021,79.9,7.8,225,,
20210502eg89wwimmce6znxqyyb96spd8h,Dover,1.348,51.133,02/05/2021 15:00,8.4,2.7,1021,66.9,9.6,225,,
20210502wpkin3fmcce6znxqyyb96spd8h,Dover,1.348,51.133,02/05/2021 16:00,8,4,1021,75.6,7,225,,
20210502c53ozipmqoe6znxqyyb96spd8h,Dover,1.348,51.133,02/05/2021 17:00,8.5,3.1,1021,68.5,7,225,,
202105023n336sfmxoe6znxqyyb96spd8h,Dover,1.348,51.133,02/05/2021 18:00,8.4,3.5,1021,70.9,8.7,247.5,,
20210502fj4wxcimowe6znxqyyb96spd8h,Dover,1.348,51.133,02/05/2021 19:00,7.7,4,1021,77.2,7.8,247.5,,
20210502tozrd4imtwe6znxqyyb96spd8h,Dover,1.348,51.133,02/05/2021 20:00,6.7,3.3,1021,78.6,6.1,247.5,,
202105021pf3beimtwe6znxqyyb96spd8h,Dover,1.348,51.133,02/05/2021 21:00,6.8,5.2,1021,89.4,7,247.5,,
202105027zzqsdfm1we6znxqyyb96spd8h,Dover,1.348,51.133,02/05/2021 22:00,6.5,4.9,1021,89.4,8.7,247.5,,
20210502j6u38d7muae6znxqyyb96spd8h,Dover,1.348,51.133,02/05/2021 23:00,6.6,5.7,1021,93.8,7.8,247.5,,
?20210503sfuqhspmwae6znxqyyb96spd8h,Dover,1.348,51.133,03/05/2021,6.6,5.7,1021,93.8,8.7,247.5,,
20210503nc69scimihe6znxqyyb96spd8h,Dover,1.348,51.133,03/05/2021 01:00,6.4,5.7,1021,95.2,7.8,247.5,,
20210503qu5gzu7mshe6znxqyyb96spd8h,Dover,1.348,51.133,03/05/2021 02:00,6.4,5,1021,90.6,8.7,247.5,,
20210503446wdrimzhe6znxqyyb96spd8h,Dover,1.348,51.133,03/05/2021 03:00,6.4,5.3,1020,92.5,9.6,247.5,,
20210503uj8nmgim4ye6znxqyyb96spd8h,Dover,1.348,51.133,03/05/2021 04:00,6.3,5,1020,91.3,9.6,247.5,,
202105039o9pqm7m5ye6znxqyyb96spd8h,Dover,1.348,51.133,03/05/2021 05:00,6.2,5.2,1020,93.2,8.7,247.5,,
20210503mzjjm5pmhre6znxqyyb96spd8h,Dover,1.348,51.133,03/05/2021 06:00,7.3,6.1,1020,92,9.6,247.5,,
20210503cwwie9pmhre6znxqyyb96spd8h,Dover,1.348,51.133,03/05/2021 07:00,8.4,7.2,1020,92,8.7,225,,
20210503z6pypuim7re6znxqyyb96spd8h,Dover,1.348,51.133,03/05/2021 08:00,9.1,7.5,1019,89.6,8.7,225,,
20210503rfw9z57m6ee6znxqyyb96spd8h,Dover,1.348,51.133,03/05/2021 09:00,9.4,7.7,1019,89.1,11.3,202.5,,
20210503ociy5xim9ee6znxqyyb96spd8h,Dover,1.348,51.133,03/05/2021 10:00,9.9,8.2,1018,89.1,12.2,202.5,,
20210503huozipfcyee6znxqyyb96spd8h,Dover,1.348,51.133,03/05/2021 11:00,10.5,7.7,1017,82.7,11.3,202.5,,
20210503pi8ym9icbce6znxqyyb96spd8h,Dover,1.348,51.133,03/05/2021 12:00,10.3,7.4,1016,82,13.9,202.5,24.3,
20210503iny3tfpcnce6znxqyyb96spd8h,Dover,1.348,51.133,03/05/2021 13:00,9.7,6.8,1016,82,12.2,202.5,,
20210503poggjgfcroe6znxqyyb96spd8h,Dover,1.348,51.133,03/05/2021 14:00,9.4,6.9,1014,84.2,14.8,202.5,25.2,
202105033zgczp7cfoe6znxqyyb96spd8h,Dover,1.348,51.133,03/05/2021 15:00,9.9,6.1,1013,77,13.9,202.5,25.2,
20210503f6bc4h7cgwe6znxqyyb96spd8h,Dover,1.348,51.133,03/05/2021 16:00,9.6,5.7,1011,76.4,15.6,202.5,29.5,
202105031fz6di7c8we6znxqyyb96spd8h,Dover,1.348,51.133,03/05/2021 17:00,9.1,5.7,1009,79.2,15.6,202.5,27.8,
202105036cncniicewe6znxqyyb96spd8h,Dover,1.348,51.133,03/05/2021 18:00,9.1,5.4,1007,77.5,18.2,202.5,32.2,
202105039j83eapcewe6znxqyyb96spd8h,Dover,1.348,51.133,03/05/2021 19:00,9.4,5.6,1006,77,18.2,202.5,33,
20210503kunt8picjae6znxqyyb96spd8h,Dover,1.348,51.133,03/05/2021 20:00,10.1,4.7,1004,69,20.9,225,37.4,
20210503s4zdm7pckae6znxqyyb96spd8h,Dover,1.348,51.133,03/05/2021 21:00,9.3,5.4,1003,76.5,22.6,202.5,40.8,
20210503dbx7xq7cmhe6znxqyyb96spd8h,Dover,1.348,51.133,03/05/2021 22:00,8.5,6.5,1001,87.2,20.9,202.5,39.1,
202105035x4yhcpcphe6znxqyyb96spd8h,Dover,1.348,51.133,03/05/2021 23:00,8.5,6.5,998,87.2,24.3,202.5,46.9,
?20210504hphbw6pcphe6znxqyyb96spd8h,Dover,1.348,51.133,04/05/2021,8.2,7.5,997,95.4,27.8,225,48.7,
20210504u7wb9qfcoye6znxqyyb96spd8h,Dover,1.348,51.133,04/05/2021 01:00,8.7,8.4,996,98,24.3,225,46.1,
20210504yroo9yfctre6znxqyyb96spd8h,Dover,1.348,51.133,04/05/2021 02:00,9,6.2,995,82.7,26.9,247.5,42.6,
20210504cmo69fic1re6znxqyyb96spd8h,Dover,1.348,51.133,04/05/2021 03:00,8.6,6.8,995,88.5,26.9,247.5,40,
20210504pfjxcbpc1re6znxqyyb96spd8h,Dover,1.348,51.133,04/05/2021 04:00,8.6,6.6,995,87.2,21.7,247.5,41.7,
20210504a1uypg7cure6znxqyyb96spd8h,Dover,1.348,51.133,04/05/2021 05:00,8.5,6.3,995,86,20,247.5,37.4,
20210504r35r6jpcwee6znxqyyb96spd8h,Dover,1.348,51.133,04/05/2021 06:00,8.7,6.1,995,83.7,20.9,247.5,33,
20210504ty6f9diciee6znxqyyb96spd8h,Dover,1.348,51.133,04/05/2021 07:00,8.8,4.4,996,73.9,20,270,38.2,
202105047ek6prpcsee6znxqyyb96spd8h,Dover,1.348,51.133,04/05/2021 08:00,9.7,3.1,997,63.5,19.1,247.5,34.8,
20210504jxzoazfczce6znxqyyb96spd8h,Dover,1.348,51.133,04/05/2021 09:00,10.2,3.2,998,61.8,18.2,247.5,35.6,
20210504ish5gqfcace6znxqyyb96spd8h,Dover,1.348,51.133,04/05/2021 10:00,11.7,3.3,999,56.4,24.3,247.5,40,
20210504qr3dxipc4oe6znxqyyb96spd8h,Dover,1.348,51.133,04/05/2021 11:00,11.6,2.5,1000,53.6,20.9,270,35.6,
202105044m9wsaic5oe6znxqyyb96spd8h,Dover,1.348,51.133,04/05/2021 12:00,12.2,1.9,1000,49.3,21.7,270,38.2,
20210504g1xxkz7chwe6znxqyyb96spd8h,Dover,1.348,51.133,04/05/2021 13:00,13.3,2.2,1000,46.9,20,247.5,39.1,
202105048sp5wtichwe6znxqyyb96spd8h,Dover,1.348,51.133,04/05/2021 14:00,12.8,3.3,1001,52.3,19.1,270,35.6,
2021050413sibk7c7we6znxqyyb96spd8h,Dover,1.348,51.133,04/05/2021 15:00,14.2,1,1001,40.5,19.1,270,33,
20210504yr8jirfc6ae6znxqyyb96sm4xc,Dover,1.348,51.133,04/05/2021 16:00,12.7,-1,1001,38.6,18.2,270,31.3,
20210504m8aohxpc9ae6znxqyyb96sm4xc,Dover,1.348,51.133,04/05/2021 17:00,11.4,3.5,1002,58.2,12.2,292.5,,
20210504zx8shwppyae6znxqyyb96sm4xc,Dover,1.348,51.133,04/05/2021 18:00,11.1,0.5,1002,47.9,7.8,270,18.2,
20210504dsdmqpipbhe6znxqyyb96sm4xc,Dover,1.348,51.133,04/05/2021 19:00,9.4,-0.1,1003,51.4,7,270,,
20210504x7fr347pnhe6znxqyyb96sm4xc,Dover,1.348,51.133,04/05/2021 20:00,8.2,0.1,1003,56.5,7.8,292.5,,
20210504emgidjfpfye6znxqyyb96sm4xc,Dover,1.348,51.133,04/05/2021 21:00,7.1,0,1004,60.6,6.1,270,,
20210504w1fisdipgye6znxqyyb96sm4xc,Dover,1.348,51.133,04/05/2021 22:00,6.2,0.1,1004,64.9,6.1,270,,
20210504y3xa9y7p8re6znxqyyb96sm4xc,Dover,1.348,51.133,04/05/2021 23:00,6,0.4,1004,67.2,7.8,270,,
?20210505b73siwpp8re6znxqyyb96sm4xc,Dover,1.348,51.133,05/05/2021,5.3,0.6,1004,71.6,7,270,,
20210505pyxgso7pere6znxqyyb96sm4xc,Dover,1.348,51.133,05/05/2021 01:00,4.5,1,1004,77.9,7,270,,
2021050538afkzfpjre6znxqyyb96sm4xc,Dover,1.348,51.133,05/05/2021 02:00,4.3,1.2,1004,80.1,7.8,270,,
20210505fqtpzq7pkee6znxqyyb96sm4xc,Dover,1.348,51.133,05/05/2021 03:00,3.8,1,1004,81.8,7.8,270,,
20210505tsndyufpmee6znxqyyb96sm4xc,Dover,1.348,51.133,05/05/2021 04:00,4.5,1.6,1005,81.3,7,270,,
202105057hh4wd7pcee6znxqyyb96sm4xc,Dover,1.348,51.133,05/05/2021 05:00,4.2,1.1,1006,80.1,8.7,292.5,,
20210505krg4fapppce6znxqyyb96sm4xc,Dover,1.348,51.133,05/05/2021 06:00,4.2,1.4,1007,81.9,7,270,,
20210505n1jsde7pxoe6znxqyyb96sm4xc,Dover,1.348,51.133,05/05/2021 07:00,6.4,2.6,1007,76.5,8.7,292.5,,
20210505q3815q7pooe6znxqyyb96sm4xc,Dover,1.348,51.133,05/05/2021 08:00,7.9,2.3,1008,67.5,7.8,270,,
202105055yqtofiptoe6znxqyyb96sm4xc,Dover,1.348,51.133,05/05/2021 09:00,7.7,0.9,1008,61.9,7.8,270,,
2021050588rxkifp1we6znxqyyb96sm4xc,Dover,1.348,51.133,05/05/2021 10:00,9.8,0.9,1009,53.6,8.7,270,,
20210505ecok5h7p1we6znxqyyb96sm4xc,Dover,1.348,51.133,05/05/2021 11:00,9.8,-1.1,1009,46.2,9.6,270,,
20210505uqq94w7puwe6znxqyyb96sm4xc,Dover,1.348,51.133,05/05/2021 12:00,8.6,3.2,1010,68.6,7.8,225,,
202105059ir88c7pwwe6znxqyyb96sm4xc,Dover,1.348,51.133,05/05/2021 13:00,9.5,4.4,1010,70.3,12.2,202.5,,
20210505mh39i3fpiae6znxqyyb96sm4xc,Dover,1.348,51.133,05/05/2021 14:00,10.4,4.6,1009,67,13,225,,
20210505adwm8cppsae6znxqyyb96sm4xc,Dover,1.348,51.133,05/05/2021 15:00,8.1,3.2,1009,71,15.6,225,,
20210505rmgfq8ppzhe6znxqyyb96sm4xc,Dover,1.348,51.133,05/05/2021 16:00,7,3.6,1009,78.8,13.9,225,27.8,
20210505hazpr1ip3he6znxqyyb96sm4xc,Dover,1.348,51.133,05/05/2021 17:00,7.8,4.8,1009,81.1,9.6,247.5,26.1,
202105056bckesip3he6znxqyyb96sm4xc,Dover,1.348,51.133,05/05/2021 18:00,5.1,4,1009,92.6,13,337.5,,
20210505igwyjd7phye6znxqyyb96sm4xc,Dover,1.348,51.133,05/05/2021 19:00,4.8,3.8,1009,93.3,6.1,270,,
20210505bp65g17p7re6znxqyyb96sm4xc,Dover,1.348,51.133,05/05/2021 20:00,4.7,3.6,1009,92.5,6.1,270,,
20210505pw3t4bip6re6znxqyyb96sm4xc,Dover,1.348,51.133,05/05/2021 21:00,4.4,2.8,1009,89.2,8.7,270,,
202105053hyj93ip9re6znxqyyb96sm4xc,Dover,1.348,51.133,05/05/2021 22:00,4.3,2.8,1009,89.9,6.1,270,,
20210505gn9sd97qyee6znxqyyb96sm4xc,Dover,1.348,51.133,05/05/2021 23:00,4,1.8,1009,85.5,7.8,270,,
?202105068muya37qyee6znxqyyb96sm4xc,Dover,1.348,51.133,06/05/2021,3.6,1.2,1009,84.2,9.6,292.5,,
202105061kneceiqbee6znxqyyb96sm4xc,Dover,1.348,51.133,06/05/2021 01:00,3,1.1,1009,87.2,7,270,,
202105066tjzbxiqnee6znxqyyb96sm4xc,Dover,1.348,51.133,06/05/2021 02:00,2,0.7,1008,91.1,6.1,270,,
20210506kaq3u9fqdce6znxqyyb96sm4xc,Dover,1.348,51.133,06/05/2021 03:00,2.1,1.2,1008,93.8,7.8,270,,
20210506s9rr8ypqrce6znxqyyb96sm4xc,Dover,1.348,51.133,06/05/2021 04:00,2.6,1.2,1007,90.4,8.7,292.5,,
20210506dgk6ioiqfoe6znxqyyb96sm4xc,Dover,1.348,51.133,06/05/2021 05:00,2.8,1.2,1007,89.2,7,270,,
202105065w31imfq8oe6znxqyyb96sm4xc,Dover,1.348,51.133,06/05/2021 06:00,4.5,2.7,1007,87.9,5.2,270,,
2021050685tiipiqewe6znxqyyb96sm4xc,Dover,1.348,51.133,06/05/2021 07:00,6.3,3.3,1006,81,1.7,202.5,,
20210506wd8g8q7qjwe6znxqyyb96sm4xc,Dover,1.348,51.133,06/05/2021 08:00,7.3,3.6,1006,77.2,4.3,157.5,,
20210506ijxdsifqjwe6znxqyyb96sm4xc,Dover,1.348,51.133,06/05/2021 09:00,7.6,3.5,1006,75.1,2.6,180,,
20210506yjawrq7qkae6znxqyyb96sm4xc,Dover,1.348,51.133,06/05/2021 10:00,9,4.6,1005,73.9,5.2,157.5,,
20210506coar8ifqmae6znxqyyb96sm4xc,Dover,1.348,51.133,06/05/2021 11:00,9.1,4.6,1005,73.4,5.2,157.5,,
202105063tqf1efqcae6znxqyyb96sm4xc,Dover,1.348,51.133,06/05/2021 12:00,8.5,4.6,1005,76.4,9.6,202.5,,
20210506fz9bap7qphe6znxqyyb96sm4xc,Dover,1.348,51.133,06/05/2021 13:00,7.2,5.1,1005,86.4,6.1,202.5,,
20210506tgq4s47qqhe6znxqyyb96sm4xc,Dover,1.348,51.133,06/05/2021 14:00,8.8,5.5,1004,79.7,6.1,180,,
202105066g3xy4iqxhe6znxqyyb96sm4xc,Dover,1.348,51.133,06/05/2021 15:00,6.4,5.3,1005,92.6,7.8,337.5,25.2,
20210506kpwjh4pqtye6znxqyyb96sm4xc,Dover,1.348,51.133,06/05/2021 16:00,7.7,6.4,1005,91.4,7.8,22.5,,
20210506swrb1xfq1ye6znxqyyb96sm4xc,Dover,1.348,51.133,06/05/2021 17:00,8.3,6.6,1006,89,6.1,337.5,,
20210506nnxdbqiqure6znxqyyb96sm4xc,Dover,1.348,51.133,06/05/2021 18:00,7.6,4.1,1006,78.4,2.6,292.5,,
20210506qjr1a9iqwre6znxqyyb96sm4xc,Dover,1.348,51.133,06/05/2021 19:00,6,4.1,1007,87.6,0,0,,
202105064x79xjiqire6znxqyyb96sm4xc,Dover,1.348,51.133,06/05/2021 20:00,5.1,3.9,1008,91.8,4.3,225,,
20210506gzqhc9iqsee6znxqyyb96sm4xc,Dover,1.348,51.133,06/05/2021 21:00,6,4.6,1009,90.7,5.2,225,,
202105061798mfiqzee6znxqyyb96sm4xc,Dover,1.348,51.133,06/05/2021 22:00,5.3,4.1,1009,91.9,6.1,247.5,,
202105069frw9sfqaee6znxqyyb96sm4xc,Dover,1.348,51.133,06/05/2021 23:00,4.7,1.6,1009,80.2,7.8,292.5,,
?20210507mcfu66pq3ce6znxqyyb96sm4xc,Dover,1.348,51.133,07/05/2021,4.1,0.9,1009,79.5,7.8,270,,
20210507zu7h3ppq4ce6znxqyyb96sm4xc,Dover,1.348,51.133,07/05/2021 01:00,4.7,0,1010,71.4,7.8,292.5,,
20210507obfckq7qhoe6znxqyyb96sm4xc,Dover,1.348,51.133,07/05/2021 02:00,4.4,1.3,1010,80,13.9,292.5,,
20210507hejwcuiq7oe6znxqyyb96sm4xc,Dover,1.348,51.133,07/05/2021 03:00,4,1.6,1011,84.3,12.2,292.5,,
20210507expse37q6we6znxqyyb96sm4xc,Dover,1.348,51.133,07/05/2021 04:00,3.5,1.8,1012,88.5,11.3,292.5,,
20210507wswkdqfq9we6znxqyyb96sm4xc,Dover,1.348,51.133,07/05/2021 05:00,3.4,2,1013,90.4,6.1,292.5,,
20210507y7tnwnpxyae6znxqyyb96sm4xc,Dover,1.348,51.133,07/05/2021 06:00,5.5,3.2,1014,85,7.8,292.5,,
20210507pr61jcixbae6znxqyyb96sm4xc,Dover,1.348,51.133,07/05/2021 07:00,6.7,3.5,1014,79.8,8.7,292.5,,
202105073msxoc7xnae6znxqyyb96sm4xc,Dover,1.348,51.133,07/05/2021 08:00,8.6,4.4,1015,74.7,7,292.5,,
20210507f17ihzfxdhe6znxqyyb96sm4xc,Dover,1.348,51.133,07/05/2021 09:00,9.9,3.1,1016,62.3,5.2,270,,
20210507gxqhyzixdhe6znxqyyb96sm4xc,Dover,1.348,51.133,07/05/2021 10:00,11.7,2.7,1016,53.6,5.2,270,,
20210507t3934dpxrhe6znxqyyb96sm4xc,Dover,1.348,51.133,07/05/2021 11:00,10.2,3.2,1016,61.4,7.8,202.5,,
202105076bycbz7xfhe6znxqyyb96sm4xc,Dover,1.348,51.133,07/05/2021 12:00,10.3,4.7,1017,68,8.7,202.5,,
20210507k89sgzfx8ye6znxqyyb96sm4xc,Dover,1.348,51.133,07/05/2021 13:00,10.7,5.8,1017,71.4,11.3,202.5,,
20210507sxbf617xeye6znxqyyb96sm4xc,Dover,1.348,51.133,07/05/2021 14:00,11,6,1017,71,9.6,225,20,
20210507ni91mtfxjre6znxqyyb96sm4xc,Dover,1.348,51.133,07/05/2021 15:00,10.6,4.1,1017,63.7,11.3,225,,
20210507q7arxkpxkre6znxqyyb96sm4xc,Dover,1.348,51.133,07/05/2021 16:00,9,4,1017,70.6,12.2,225,,
202105075rqpi3pxmre6znxqyyb96sm4xc,Dover,1.348,51.133,07/05/2021 17:00,9.7,4.8,1017,71.3,8.7,225,,
202105078mso467xcee6znxqyyb96sm4xc,Dover,1.348,51.133,07/05/2021 18:00,8.6,3.7,1017,70.9,7.8,225,,
20210507u1or69pxpee6znxqyyb96sm4xc,Dover,1.348,51.133,07/05/2021 19:00,8,3.7,1017,74,7.8,225,,
20210507931ssofxqee6znxqyyb96sm4xc,Dover,1.348,51.133,07/05/2021 20:00,7.2,4.5,1017,82.8,7,225,,
20210507cbbzq3pxxce6znxqyyb96sm4xc,Dover,1.348,51.133,07/05/2021 21:00,7.5,4.9,1017,83.4,4.3,202.5,,
20210507a8zfy4pxoce6znxqyyb96sm4xc,Dover,1.348,51.133,07/05/2021 22:00,5.9,4,1017,87.4,2.6,202.5,,
20210507rq4jxdpxtoe6znxqyyb96sm4xc,Dover,1.348,51.133,07/05/2021 23:00,7.5,4.7,1016,82.3,5.2,180,,
?20210508hhzudj7xuoe6znxqyyb96sm4xc,Dover,1.348,51.133,08/05/2021,8,5.1,1015,81.7,5.2,180,,
202105087zfm5rixuoe6znxqyyb96sm4xc,Dover,1.348,51.133,08/05/2021 01:00,7.9,2.1,1015,66.4,6.1,135,,
20210508imyqbepxiwe6znxqyyb96sm4xc,Dover,1.348,51.133,08/05/2021 02:00,7.6,3,1014,72.4,6.1,112.5,,
20210508b1gowi7xsae6znxqyyb96sm4xc,Dover,1.348,51.133,08/05/2021 03:00,8.3,2.4,1012,66.1,7,112.5,,
20210508p3btgwixzae6znxqyyb96sm4xc,Dover,1.348,51.133,08/05/2021 04:00,8.6,3.7,1011,71,8.7,135,,
202105084ycp6f7xaae6znxqyyb96sm4xc,Dover,1.348,51.133,08/05/2021 05:00,8.5,5.1,1011,79.1,14.8,157.5,,
20210508g8uieifx3he6znxqyyb96sm4xc,Dover,1.348,51.133,08/05/2021 06:00,8.3,6.3,1010,87.2,14.8,157.5,,
202105081q8trn7x4he6znxqyyb96sm4xc,Dover,1.348,51.133,08/05/2021 07:00,7.9,6.8,1009,92.7,13.9,157.5,,
202105086icsqs7x5he6znxqyyb96sm4xc,Dover,1.348,51.133,08/05/2021 08:00,8.1,7.4,1008,95.3,18.2,180,27.8,
20210508khcnrgfx7ye6znxqyyb96sm4xc,Dover,1.348,51.133,08/05/2021 09:00,8.7,8.2,1007,96.7,20,180,29.5,
20210508mzbted7x7ye6znxqyyb96sm4xc,Dover,1.348,51.133,08/05/2021 10:00,9.2,9.1,1006,99.3,20,180,32.2,
20210508zd13ggix6ye6znxqyyb96sm4xc,Dover,1.348,51.133,08/05/2021 11:00,10,9.9,1005,99.3,20,180,34.8,
20210508dkzbe1ix9re6znxqyyb96sm4xc,Dover,1.348,51.133,08/05/2021 12:00,11.4,11.1,1005,98,20.9,180,35.6,
20210508xtwpudpoyre6znxqyyb96sm4xc,Dover,1.348,51.133,08/05/2021 13:00,13,11.5,1005,90.6,18.2,202.5,33,
202105085a3omopobre6znxqyyb96sm4xc,Dover,1.348,51.133,08/05/2021 14:00,12.4,10.3,1005,86.9,14.8,225,26.1,
2021050889zsrfionee6znxqyyb96sm4xc,Dover,1.348,51.133,08/05/2021 15:00,13.4,10.1,1005,80.4,16.5,225,26.9,
20210508wghpjciodee6znxqyyb96sm4xc,Dover,1.348,51.133,08/05/2021 16:00,13.5,10.1,1005,79.8,15.6,225,28.7,
20210508yqyhqtforce6znxqyyb96sm4xc,Dover,1.348,51.133,08/05/2021 17:00,12.8,10,1005,83,8.7,225,,
20210508cinrgeiofce6znxqyyb96sm4xc,Dover,1.348,51.133,08/05/2021 18:00,11.9,9.6,1005,85.7,6.1,225,,
20210508ahftpffogce6znxqyyb96sm4xc,Dover,1.348,51.133,08/05/2021 19:00,11,9.5,1004,90.4,6.1,202.5,,
20210508fdk1zg7o8oe6znxqyyb96sm4xc,Dover,1.348,51.133,08/05/2021 20:00,10.6,9.3,1004,91.6,9.6,225,,
20210508tkrmfg7oeoe6znxqyyb96sm4xc,Dover,1.348,51.133,08/05/2021 21:00,10.2,9.2,1004,93.5,5.2,202.5,,
202105087twuybfojoe6znxqyyb96sm4xc,Dover,1.348,51.133,08/05/2021 22:00,10.1,9.1,1004,93.5,5.2,202.5,,
20210508jac6m9iokwe6znxqyyb96sm4xc,Dover,1.348,51.133,08/05/2021 23:00,10.3,9.1,1004,92.3,7,202.5,,
